KOR,MATH,GRADE 
36,93,B 
49,70,B 
75,26,B 
79,43,B 
82,30,B 
49,32,B 
85,68,A 
14,28,C 
93,19,B 
34,41,C 
60,94,A 
25,29,C 
50,84,B 
71,66,B 
91,29,B 
19,78,B 
53,50,B 
38,72,B 
80,37,B 
46,88,B 
46,87,B 
68,13,B 
83,39,B 
90,40,B 
35,66,B 
23,50,C 
13,81,B 
100,34,B 
11,38,C 
18,13,C 
66,58,B 
83,23,B 
35,81,B 
44,82,B 
71,21,B 
62,62,B 
64,27,B 
36,53,B 
67,59,B 
20,72,B 
36,85,B 
17,29,C 
14,86,B 
41,41,B 
10,54,C 
56,25,B 
76,74,A 
88,58,A 
22,21,C 
18,19,C 
53,77,B 
75,79,A 
95,38,B 
66,52,B 
99,56,A 
43,53,B 
74,17,B 
100,75,A 
13,95,B 
95,60,A 
35,54,B 
73,65,B 
41,62,B 
47,62,B 
73,13,B 
39,46,B 
78,64,A 
90,61,A 
39,18,C 
44,65,B 
44,33,C 
51,30,B 
65,67,B 
11,86,B 
32,82,B 
17,30,C 
27,87,B 
68,39,B 
77,34,B 
84,56,A 
65,24,B 
54,88,A 
33,97,B 
45,51,B 
13,38,C 
95,18,B 
12,65,C 
53,52,B 
97,79,A 
51,14,C 
48,69,B 
39,46,B 
79,25,B 
83,78,A 
27,54,B 
24,38,C 
20,71,B 
42,98,A 
61,57,B 
54,54,B 
33,51,B 
83,97,A 
17,51,C 
10,11,C 
74,98,A 
21,100,B 
60,63,B 
16,83,B 
27,91,B 
44,84,B 
49,24,C 
22,28,C 
49,53,B 
37,89,B 
68,86,A 
92,17,B 
53,60,B 
59,99,A 
45,40,B 
65,90,A 
12,59,C 
65,27,B 
39,96,B 
45,79,B 
28,20,C 
16,69,B 
10,28,C 
98,99,A 
92,65,A 
16,65,B 
98,13,B 
96,28,B 
10,90,B 
50,28,C 
88,36,B 
99,80,A 
25,71,B 
83,34,B 
46,91,B 
98,91,A 
67,64,B 
79,91,A 
78,60,B 
82,96,A 
98,79,A 
96,19,B 
30,45,C 
82,29,B 
66,66,B 
64,33,B 
35,83,B 
70,49,B 
49,29,C 
38,52,B 
43,12,C 
90,15,B 
18,97,B 
90,27,B 
23,11,C 
85,64,A 
59,18,C 
85,83,A 
10,45,C 
10,49,C 
43,44,B 
50,33,B 
20,68,B 
18,18,C 
59,33,B 
91,84,A 
93,38,B 
70,42,B 
17,34,C 
75,77,A 
85,10,B 
71,89,A 
41,88,B 
73,52,B 
94,35,B 
69,45,B 
27,69,B 
56,16,C 
25,55,B 
44,82,B 
70,59,B 
53,90,A 
54,80,B 
19,42,C 
91,68,A 
20,44,C 
61,15,C 
80,28,B 
91,60,A 
54,11,C 
87,98,A 
11,82,B 
47,64,B 
92,90,A 
15,56,C 
42,38,B 
82,52,B 
79,79,A 
53,38,B 
81,18,B 
66,49,B 
18,76,B 
59,38,B 
40,76,B 
62,48,B 
50,35,B 
22,50,C 
27,38,C 
50,84,B 
25,72,B 
53,50,B 
65,24,B 
15,71,B 
62,56,B 
41,67,B 
31,73,B 
81,21,B 
100,55,A 
46,58,B 
99,16,B 
38,68,B 
85,70,A 
32,90,B 
42,72,B 
32,80,B 
81,90,A 
41,48,B 
94,51,A 
49,15,C 
90,89,A 
25,15,C 
70,95,A 
31,93,B 
75,62,B 
14,72,B 
76,77,A 
65,38,B 
64,51,B 
55,39,B 
80,100,A 
92,81,A 
23,80,B 
44,35,C 
28,53,B 
14,24,C 
74,55,B 
78,79,A 
38,55,B 
43,95,B 
50,74,B 
90,61,A 
66,85,A 
15,68,B 
76,59,B 
94,38,B 
22,76,B 
77,85,A 
11,43,C 
66,51,B 
82,14,B 
22,89,B 
59,100,A 
34,35,C 
74,49,B 
61,43,B 
53,74,B 
69,63,B 
40,24,C 
89,50,B 
12,43,C 
25,47,C 
51,42,B 
23,25,C 
35,59,B 
91,65,A 
51,12,C 
20,96,B 
95,87,A 
97,41,B 
79,53,B 
53,95,A 
19,88,B 
23,13,C 
67,40,B 
20,65,B 
35,41,C 
52,73,B 
54,67,B 
68,12,B 
82,32,B 
59,50,B 
45,26,C 
13,95,B 
20,57,C 
51,81,B 
18,20,C 
28,77,B 
12,95,B 
30,29,C 
99,56,A 
32,68,B 
54,31,B 
45,72,B 
69,71,A 
35,55,B 
58,92,A 
46,82,B 
100,33,B 
100,17,B 
50,71,B 
38,84,B 
25,21,C 
91,52,A 
57,82,B 
73,100,A 
88,63,A 
32,15,C 
79,78,A 
72,63,B 
32,22,C 
74,47,B 
77,63,A 
87,33,B 
58,27,B 
24,16,C 
65,38,B 
29,65,B 
34,82,B 
78,89,A 
93,70,A 
42,88,B 
23,18,C 
83,49,B 
85,74,A 
71,29,B 
90,84,A 
80,66,A 
100,87,A 
64,78,A 
28,88,B 
14,43,C 
39,19,C 
36,27,C 
64,31,B 
56,36,B 
88,35,B 
79,81,A 
85,19,B 
21,28,C 
14,65,C 
51,41,B 
31,95,B 
23,20,C 
73,28,B 
61,93,A 
52,52,B 
17,68,B 
47,51,B 
41,95,B 
92,59,A 
71,24,B 
100,83,A 
35,67,B 
95,91,A 
14,12,C 
17,75,B 
68,15,B 
13,30,C 
73,62,B 
90,17,B 
52,93,A 
76,14,B 
63,57,B 
11,10,C 
56,56,B 
49,71,B 
28,88,B 
51,29,B 
26,83,B 
43,27,C 
88,83,A 
88,77,A 
86,91,A 
75,18,B 
44,93,B 
22,94,B 
85,29,B 
55,32,B 
41,37,C 
94,87,A 
29,21,C 
68,68,B 
63,24,B 
69,47,B 
72,35,B 
47,47,B 
20,58,C 
53,77,B 
22,80,B 
49,51,B 
50,62,B 
90,31,B 
93,82,A 
96,95,A 
16,78,B 
89,40,B 
50,16,C 
61,55,B 
62,48,B 
94,89,A 
24,59,B 
48,27,C 
62,39,B 
53,31,B 
28,21,C 
83,65,A 
94,42,B 
99,47,A 
11,95,B 
84,65,A 
77,49,B 
36,40,C 
16,77,B 
93,46,B 
49,17,C 
77,84,A 
59,96,A 
30,10,C 
38,90,B 
14,20,C 
19,22,C 
33,71,B 
21,63,B 
37,92,B 
13,13,C 
39,47,B 
20,70,B 
16,43,C 
75,39,B 
98,34,B 
15,70,B 
42,28,C 
14,16,C 
26,23,C 
55,84,B 
81,64,A 
82,93,A 
68,62,B 
11,13,C 
67,51,B 
14,79,B 
85,54,B 
46,39,B 
36,10,C 
86,16,B 
95,67,A 
85,69,A 
23,32,C 
50,18,C 
79,77,A 
33,37,C 
38,78,B 
35,66,B 
32,91,B 
18,18,C 
52,90,A 
13,92,B 
70,92,A 
95,24,B 
21,37,C 
59,97,A 
61,59,B 
51,82,B 
67,54,B 
22,28,C 
92,81,A 
20,79,B 
86,94,A 
72,47,B 
78,97,A 
92,52,A 
68,46,B 
42,42,B 
48,69,B 
36,42,C 
25,72,B 
42,87,B 
84,61,A 
27,86,B 
88,75,A 
96,90,A 
19,41,C 
24,86,B 
45,26,C 
92,58,A 
87,38,B 
38,99,B 
27,45,C 
91,80,A 
48,13,C 
10,59,C 
36,92,B 
68,36,B 
25,49,C 
77,30,B 
43,98,A 
57,14,C 
84,44,B 
15,98,B 
57,83,A 
59,33,B 
69,81,A 
53,88,A 
58,21,C 
43,12,C 
82,34,B 
39,83,B 
74,87,A 
18,63,B 
35,16,C 
19,96,B 
30,90,B 
75,54,B 
67,18,B 
83,54,B 
43,100,A 
22,29,C 
42,65,B 
84,61,A 
89,66,A 
88,30,B 
58,77,B 
82,52,B 
70,35,B 
46,42,B 
21,14,C 
17,86,B 
46,93,B 
83,94,A 
92,82,A 
72,51,B 
75,94,A 
98,30,B 
44,41,B 
44,25,C 
69,48,B 
60,59,B 
30,56,B 
30,59,B 
86,89,A 
79,50,B 
80,26,B 
62,99,A 
59,22,B 
77,59,B 
79,48,B 
61,100,A 
90,13,B 
30,51,B 
75,59,B 
18,77,B 
40,42,B 
51,26,C 
33,96,B 
23,45,C 
70,45,B 
96,20,B 
29,12,C 
45,55,B 
16,39,C 
100,23,B 
18,41,C 
33,97,B 
17,76,B 
30,70,B 
30,87,B 
13,15,C 
23,18,C 
25,33,C 
68,46,B 
32,71,B 
79,58,B 
99,38,B 
15,10,C 
94,97,A 
59,71,B 
20,52,C 
79,13,B 
88,99,A 
17,42,C 
21,22,C 
58,16,C 
96,52,A 
80,75,A 
48,94,A 
12,25,C 
31,52,B 
47,44,B 
79,34,B 
11,31,C 
22,97,B 
60,86,A 
82,73,A 
89,24,B 
50,68,B 
48,27,C 
18,40,C 
74,58,B 
62,57,B 
22,93,B 
11,47,C 
89,76,A 
80,28,B 
60,21,B 
52,62,B 
56,29,B 
85,67,A 
15,70,B 
45,30,C 
34,25,C 
89,34,B 
100,82,A 
61,91,A 
83,79,A 
35,53,B 
84,98,A 
32,69,B 
94,72,A 
66,82,A 
79,48,B 
12,47,C 
78,96,A 
12,100,B 
91,77,A 
55,39,B 
26,18,C 
35,19,C 
12,51,C 
83,20,B 
64,86,A 
56,86,A 
39,78,B 
74,82,A 
68,80,A 
74,49,B 
86,98,A 
85,50,B 
65,58,B 
70,57,B 
19,78,B 
64,31,B 
14,27,C 
86,26,B 
39,39,C 
11,85,B 
37,59,B 
45,24,C 
29,30,C 
32,71,B 
70,18,B 
75,10,B 
58,60,B 
30,94,B 
29,23,C 
63,14,C 
74,17,B 
74,22,B 
21,11,C 
25,46,C 
28,78,B 
86,90,A 
47,42,B 
14,44,C 
57,91,A 
52,31,B 
53,29,B 
90,27,B 
55,15,C 
37,77,B 
89,74,A 
76,91,A 
85,57,A 
51,27,C 
63,53,B 
84,57,A 
97,92,A 
72,93,A 
17,72,B 
99,61,A 
18,23,C 
86,42,B 
80,67,A 
61,90,A 
19,97,B 
47,26,C 
13,82,B 
91,69,A 
21,98,B 
35,24,C 
94,78,A 
86,13,B 
18,96,B 
71,64,B 
98,94,A 
38,90,B 
49,84,B 
13,24,C 
17,98,B 
67,80,A 
16,98,B 
91,28,B 
86,41,B 
15,41,C 
40,51,B 
36,36,C 
88,57,A 
12,100,B 
61,42,B 
87,10,B 
66,72,B 
24,60,B 
88,71,A 
38,96,B 
89,63,A 
83,83,A 
83,50,B 
99,47,A 
94,100,A 
95,35,B 
71,58,B 
55,14,C 
91,14,B 
68,35,B 
65,32,B 
46,92,B 
27,94,B 
11,12,C 
44,88,B 
21,50,C 
34,31,C 
97,53,A 
54,93,A 
78,23,B 
42,15,C 
50,88,B 
72,11,B 
94,51,A 
78,44,B 
24,69,B 
54,42,B 
41,19,C 
47,19,C 
100,97,A 
34,50,B 
70,88,A 
63,13,C 
10,50,C 
98,80,A 
57,49,B 
100,43,A 
44,96,A 
25,55,B 
45,17,C 
39,87,B 
15,21,C 
15,46,C 
50,30,B 
44,90,B 
37,39,C 
73,13,B 
11,46,C 
57,50,B 
69,13,B 
46,45,B 
97,30,B 
71,15,B 
48,72,B 
29,85,B 
31,27,C 
24,53,C 
16,75,B 
92,89,A 
46,65,B 
44,41,B 
19,18,C 
53,72,B 
36,83,B 
65,99,A 
76,78,A 
53,18,C 
61,16,C 
74,65,B 
23,26,C 
70,52,B 
22,55,C 
62,62,B 
49,13,C 
55,73,B 
40,44,B 
80,32,B 
47,48,B 
19,11,C 
10,59,C 
61,76,B 
76,40,B 
96,29,B 
54,83,B 
33,19,C 
53,48,B 
61,23,B 
57,88,A 
24,36,C 
50,39,B 
27,39,C 
80,100,A 
68,53,B 
25,46,C 
74,12,B 
16,92,B 
99,49,A 
26,40,C 
11,52,C 
76,69,A 
62,95,A 
98,55,A 
96,48,A 
36,54,B 
42,24,C 
50,17,C 
81,97,A 
79,42,B 
78,91,A 
55,80,B 
81,64,A 
78,31,B 
14,24,C 
54,63,B 
22,56,C 
76,47,B 
25,20,C 
64,67,B 
48,79,B 
40,51,B 
82,77,A 
23,25,C 
51,48,B 
99,73,A 
54,89,A 
93,19,B 
56,11,C 
23,70,B 
68,46,B 
82,66,A 
78,69,A 
30,58,B 
48,54,B 
80,64,A 
87,27,B 
73,17,B 
56,81,B 
28,56,B 
34,34,C 
56,70,B 
53,60,B 
45,71,B 
65,72,B 
26,93,B 
34,79,B 
65,51,B 
39,32,C 
85,35,B 
42,88,B 
93,72,A 
98,48,A 
22,28,C 
97,67,A 
92,40,B 
59,63,B 
21,27,C 
61,28,B 
73,87,A 
10,11,C 
41,94,B 
12,97,B 
40,73,B 
33,98,B 
31,57,B 
30,49,C 
80,14,B 
33,84,B 
42,27,C 
68,47,B 
95,12,B 
78,97,A 
54,24,C 
61,73,B 
49,70,B 
67,77,A 
29,15,C 
25,45,C 
11,18,C 
51,51,B 
29,40,C 
36,100,B 
72,39,B 
40,27,C 
31,81,B 
11,43,C 
73,95,A 
77,97,A 
71,84,A 
88,74,A 
21,40,C 
46,16,C 
98,21,B 
15,49,C 
22,85,B 
67,19,B 
60,68,B 
62,48,B 
37,54,B 
33,17,C 
85,44,B 
86,55,A 
61,34,B 
35,72,B 
70,97,A 
42,41,B 
61,31,B 
86,74,A 
58,100,A 
66,97,A 
28,80,B 
83,62,A 
61,46,B 
67,33,B 
50,95,A 
13,49,C 
65,15,B 
63,93,A 
41,63,B 
66,39,B 
20,57,C 
17,28,C 
92,14,B 
50,92,A 
16,14,C 
64,51,B 
24,80,B 
56,89,A 
90,30,B 
24,74,B 
22,27,C 
61,14,C 
73,91,A 
22,16,C 
23,90,B 
95,82,A 
91,55,A 
95,15,B 
46,35,B 
56,64,B 
21,67,B 
34,80,B 
42,67,B 
27,76,B 
59,23,B 
90,24,B 
37,92,B 
52,25,C 
80,61,A 
23,51,C 
88,53,A 
50,83,B 
87,75,A 
43,63,B 
10,44,C 
17,29,C 
50,50,B 
94,10,B 
50,99,A 
86,12,B 
100,19,B 
13,90,B 
72,91,A 
62,55,B 
19,89,B 
91,70,A 
78,52,B 
42,82,B 
12,99,B 
96,34,B 
86,19,B 
14,81,B 
31,16,C 
52,89,A 
12,30,C 
63,83,A 
89,25,B 
91,94,A 
94,78,A 
74,24,B 
83,70,A 
99,47,A 
11,13,C 
21,75,B 
62,88,A 
48,42,B 
57,72,B 
15,54,C 
96,28,B 
23,15,C 
36,62,B 
73,28,B 
59,43,B 
47,68,B 
45,35,B 
76,31,B 
31,21,C 
22,94,B 
38,83,B 
37,26,C 
33,21,C 
18,10,C 
14,65,C 
20,62,B 
66,67,B 
57,26,B 
42,84,B 
74,39,B 
16,50,C 
62,46,B 
58,99,A 
75,19,B 
24,30,C 
13,24,C 
79,96,A 
98,50,A 
43,95,B 
54,28,B 
87,18,B 
64,15,C 
83,82,A 
77,10,B 
12,66,C 
37,56,B 
93,31,B 
56,46,B 
94,77,A 
89,94,A 
45,39,B 
52,48,B 
51,98,A 
46,36,B 
36,39,C 
80,96,A 
31,92,B 
12,64,C 
85,78,A 
39,90,B 
92,28,B 
62,94,A 
30,11,C 
23,35,C 
96,87,A 
74,61,B 
66,87,A 
38,51,B 
56,10,C 
88,50,B 
24,27,C 
66,32,B 
98,57,A 
28,56,B 
92,72,A 
45,42,B 
66,90,A 
46,95,A 
13,35,C 
97,98,A 
40,67,B 
79,48,B 
32,27,C 
67,31,B 
97,28,B 
74,55,B 
46,30,C 
13,100,B 
53,59,B 
23,16,C 
21,41,C 
92,90,A 
15,55,C 
80,78,A 
54,80,B 
27,88,B 
97,60,A 
15,78,B 
31,100,B 
27,58,B 
93,79,A 
44,64,B 
79,92,A 
28,43,C 
99,30,B 
61,10,C 
38,72,B 
69,70,B 
19,97,B 
10,12,C 
91,33,B 
58,42,B 
74,22,B 
88,85,A 
42,45,B 
94,70,A 
63,85,A 
71,68,B 
42,66,B 
69,20,B 
49,47,B 
44,17,C 
62,75,B 
87,27,B 
13,91,B 
91,82,A 
93,65,A 
10,22,C 
69,37,B 
97,52,A 
73,28,B 
17,60,C 
40,85,B 
86,40,B 
16,23,C 
69,79,A 
58,30,B 
79,27,B 
67,10,C 
33,37,C 
15,20,C 
34,66,B 
98,84,A 
50,61,B 
11,32,C 
91,15,B 
61,31,B 
80,49,B 
12,54,C 
18,86,B 
62,73,B 
72,45,B 
65,10,C 
81,76,A 
48,21,C 
90,60,A 
41,35,C 
91,81,A 
23,20,C 
39,38,C 
94,45,B 
36,57,B 
32,33,C 
95,15,B 
12,74,B 
33,32,C 
17,34,C 
14,76,B 
29,21,C 
76,50,B 
75,41,B 
50,74,B 
11,38,C 
94,41,B 
55,13,C 
10,22,C 
51,81,B 
25,71,B 
72,81,A 
44,72,B 
53,34,B 
91,51,A 
45,20,C 
44,73,B 
46,76,B 
38,10,C 
26,70,B 
35,28,C 
31,33,C 
40,76,B 
41,93,B 
47,27,C 
93,30,B 
17,27,C 
32,47,C 
52,46,B 
82,96,A 
55,81,B 
54,55,B 
17,80,B 
25,85,B 
28,11,C 
91,22,B 
25,51,C 
72,87,A 
58,74,B 
98,64,A 
30,39,C 
56,85,A 
78,73,A 
92,38,B 
37,36,C 
66,23,B 
96,72,A 
37,13,C 
80,63,A 
89,22,B 
41,53,B 
12,21,C 
88,45,B 
13,79,B 
84,19,B 
26,42,C 
62,36,B 
79,92,A 
11,24,C 
74,100,A 
26,28,C 
24,97,B 
80,74,A 
44,80,B 
35,71,B 
44,37,B 
92,38,B 
39,14,C 
49,44,B 
43,13,C 
73,65,B 
40,15,C 
72,16,B 
16,39,C 
90,100,A 
39,64,B 
93,32,B 
87,55,A 
24,25,C 
93,88,A 
91,12,B 
100,40,A 
84,81,A 
61,82,A 
19,39,C 
37,78,B 
14,16,C 
81,90,A 
83,42,B 
42,53,B 
74,100,A 
78,98,A 
16,18,C 
76,33,B 
46,24,C 
77,84,A 
82,32,B 
46,21,C 
12,38,C 
59,52,B 
18,15,C 
62,40,B 
31,94,B 
39,97,B 
70,49,B 
73,37,B 
19,69,B 
92,15,B 
31,61,B 
28,38,C 
17,87,B 
87,10,B 
26,13,C 
92,21,B 
96,18,B 
44,66,B 
69,51,B 
99,74,A 
29,59,B 
33,34,C 
21,79,B 
100,85,A 
88,97,A 
54,72,B 
43,49,B 
58,22,B 
44,19,C 
78,25,B 
90,73,A 
67,95,A 
20,59,C 
60,99,A 
28,83,B 
28,27,C 
60,96,A 
95,52,A 
90,95,A 
74,58,B 
51,29,B 
39,43,B 
24,32,C 
57,38,B 
83,30,B 
44,78,B 
38,46,B 
63,52,B 
75,49,B 
26,24,C 
95,81,A 
63,43,B 
51,49,B 
94,75,A 
63,67,B 
92,82,A 
40,78,B 
33,44,C 
83,56,B 
44,45,B 
28,63,B 
53,48,B 
66,86,A 
57,13,C 
81,34,B 
14,73,B 
71,49,B 
29,99,B 
12,57,C 
52,25,C 
98,16,B 
67,51,B 
32,23,C 
27,10,C 
99,27,B 
36,29,C 
87,61,A 
49,25,C 
94,90,A 
47,97,A 
27,14,C 
27,91,B 
19,98,B 
46,19,C 
19,21,C 
56,81,B 
29,71,B 
56,67,B 
61,95,A 
84,55,B 
61,11,C 
63,59,B 
30,35,C 
45,90,B 
27,74,B 
97,41,B 
66,67,B 
97,62,A 
99,78,A 
11,35,C 
46,87,B 
51,39,B 
35,87,B 
13,100,B 
39,78,B 
97,36,B 
61,73,B 
76,50,B 
15,64,C 
45,20,C 
41,90,B 
11,80,B 
83,23,B 
56,80,B 
76,78,A 
25,46,C 
34,14,C 
22,54,C 
56,65,B 
59,88,A 
43,75,B 
42,67,B 
35,89,B 
74,83,A 
58,23,B 
87,36,B 
93,87,A 
39,90,B 
59,78,B 
62,57,B 
53,60,B 
39,69,B 
96,12,B 
60,23,B 
19,100,B 
57,57,B 
91,16,B 
99,35,B 
86,12,B 
48,69,B 
51,69,B 
16,51,C 
47,66,B 
58,62,B 
31,11,C 
37,92,B 
97,68,A 
46,19,C 
11,63,C 
35,78,B 
75,58,B 
93,21,B 
30,100,B 
54,90,A 
20,89,B 
47,74,B 
37,82,B 
89,50,B 
81,53,B 
66,81,A 
95,97,A 
71,11,B 
10,26,C 
96,25,B 
70,65,B 
76,63,B 
75,82,A 
47,25,C 
13,36,C 
63,90,A 
46,50,B 
70,98,A 
12,14,C 
56,21,C 
99,91,A 
22,81,B 
66,83,A 
53,69,B 
19,85,B 
73,71,A 
68,72,A 
51,11,C 
40,30,C 
11,19,C 
80,46,B 
43,90,B 
20,76,B 
19,34,C 
45,13,C 
69,97,A 
55,18,C 
84,26,B 
84,22,B 
17,82,B 
72,28,B 
57,90,A 
39,55,B 
19,58,C 
22,65,B 
35,56,B 
90,40,B 
58,55,B 
20,88,B 
27,46,C 
31,20,C 
79,15,B 
12,94,B 
46,37,B 
23,39,C 
11,32,C 
21,74,B 
17,80,B 
99,34,B 
64,32,B 
57,76,B 
25,90,B 
57,14,C 
28,26,C 
12,67,C 
32,57,B 
28,56,B 
31,20,C 
29,77,B 
91,57,A 
30,20,C 
88,10,B 
66,35,B 
71,55,B 
55,60,B 
31,42,C 
45,11,C 
46,64,B 
84,78,A 
89,68,A 
65,27,B 
100,94,A 
67,65,B 
16,78,B 
37,66,B 
19,59,C 
39,58,B 
95,75,A 
93,58,A 
46,96,A 
34,20,C 
13,86,B 
95,100,A 
96,64,A 
81,88,A 
89,83,A 
38,18,C 
29,91,B 
86,73,A 
54,74,B 
38,13,C 
21,43,C 
41,63,B 
97,94,A 
21,77,B 
45,51,B 
44,63,B 
17,76,B 
51,33,B 
15,12,C 
100,97,A 
21,31,C 
84,36,B 
14,76,B 
73,16,B 
60,19,C 
52,90,A 
56,24,B 
15,66,B 
29,42,C 
28,62,B 
83,12,B 
38,44,B 
18,13,C 
63,32,B 
15,100,B 
65,67,B 
98,12,B 
10,90,B 
82,72,A 
21,30,C 
92,77,A 
95,38,B 
77,61,B 
69,93,A 
38,34,C 
83,91,A 
14,93,B 
53,55,B 
85,100,A 
90,73,A 
97,36,B 
51,77,B 
21,84,B 
49,46,B 
77,84,A 
40,11,C 
19,58,C 
69,70,B 
53,35,B 
68,59,B 
84,58,A 
58,55,B 
72,83,A 
53,78,B 
56,97,A 
51,51,B 
67,96,A 
95,37,B 
71,56,B 
78,54,B 
75,28,B 
12,37,C 
76,82,A 
19,70,B 
94,90,A 
53,83,B 
91,43,B 
12,31,C 
80,60,A 
73,39,B 
60,38,B 
79,16,B 
73,43,B 
24,31,C 
57,68,B 
28,20,C 
99,49,A 
59,54,B 
45,59,B 
52,57,B 
12,37,C 
61,53,B 
78,76,A 
60,45,B 
95,50,A 
42,60,B 
63,67,B 
67,21,B 
48,93,A 
10,38,C 
52,34,B 
66,34,B 
90,39,B 
44,51,B 
55,47,B 
14,56,C 
97,62,A 
62,77,B 
74,40,B 
48,19,C 
13,18,C 
88,29,B 
14,52,C 
97,15,B 
82,65,A 
39,14,C 
72,50,B 
13,33,C 
61,64,B 
63,61,B 
83,20,B 
82,98,A 
90,62,A 
34,70,B 
62,45,B 
72,72,A 
78,100,A 
81,62,A 
63,13,C 
28,80,B 
19,67,B 
57,21,C 
11,23,C 
45,63,B 
59,45,B 
55,21,C 
23,62,B 
18,25,C 
91,80,A 
50,47,B 
25,21,C 
30,21,C 
88,99,A 
14,83,B 
99,75,A 
66,68,B 
44,94,B 
10,60,C 
59,29,B 
76,73,A 
76,83,A 
54,96,A 
82,42,B 
83,81,A 
45,59,B 
17,44,C 
35,58,B 
19,22,C 
83,11,B 
71,60,B 
83,35,B 
12,39,C 
22,86,B 
64,72,B 
44,93,B 
67,85,A 
32,85,B 
36,91,B 
75,50,B 
52,94,A 
51,100,A 
81,57,B 
54,54,B 
64,14,C 
95,35,B 
62,29,B 
49,57,B 
21,74,B 
86,56,A 
98,51,A 
61,51,B 
54,87,A 
91,23,B 
48,35,B 
77,92,A 
71,40,B 
46,22,C 
71,96,A 
42,64,B 
83,64,A 
46,32,C 
44,31,C 
41,79,B 
30,16,C 
58,64,B 
45,45,B 
76,99,A 
27,91,B 
53,47,B 
40,81,B 
98,74,A 
90,69,A 
90,62,A 
49,50,B 
24,58,B 
31,10,C 
54,24,C 
51,73,B 
45,90,B 
14,32,C 
25,98,B 
67,36,B 
15,20,C 
100,67,A 
81,30,B 
87,74,A 
68,34,B 
70,95,A 
92,10,B 
63,64,B 
58,38,B 
75,34,B 
23,87,B 
98,44,A 
86,22,B 
25,50,C 
16,17,C 
17,94,B 
19,33,C 
32,22,C 
12,95,B 
47,85,B 
57,44,B 
17,91,B 
88,28,B 
14,62,C 
72,59,B 
43,93,B 
55,24,C 
95,23,B 
75,41,B 
70,16,B 
89,33,B 
44,95,B 
14,90,B 
47,35,B 
44,43,B 
44,92,B 
46,21,C 
86,66,A 
86,29,B 
99,33,B 
44,52,B 
29,77,B 
44,65,B 
16,31,C 
11,15,C 
41,94,B 
22,63,B 
21,23,C 
16,86,B 
88,12,B 
97,83,A 
73,83,A 
59,72,B 
80,94,A 
24,56,B 
18,78,B 
16,93,B 
35,41,C 
86,52,B 
25,34,C 
45,57,B 
57,24,B 
78,22,B 
73,68,A 
62,39,B 
66,57,B 
33,90,B 
15,49,C 
18,39,C 
47,64,B 
51,99,A 
15,53,C 
100,95,A 
21,20,C 
48,49,B 
44,73,B 
100,95,A 
86,57,A 
90,45,B 
45,71,B 
40,23,C 
10,18,C 
81,48,B 
35,95,B 
17,90,B 
67,16,B 
48,33,B 
93,16,B 
24,71,B 
25,25,C 
95,55,A 
62,77,B 
10,17,C 
33,28,C 
83,36,B 
15,77,B 
95,72,A 
31,77,B 
57,39,B 
48,90,B 
87,11,B 
25,65,B 
74,82,A 
57,17,C 
79,28,B 
96,71,A 
37,58,B 
98,48,A 
11,32,C 
83,91,A 
74,67,A 
31,92,B 
29,58,B 
20,24,C 
10,19,C 
24,24,C 
11,75,B 
26,13,C 
79,62,A 
100,11,B 
40,16,C 
35,36,C 
70,43,B 
39,71,B 
44,74,B 
84,16,B 
69,68,B 
98,73,A 
78,83,A 
55,90,A 
94,86,A 
79,94,A 
91,25,B 
87,48,B 
83,58,A 
16,20,C 
63,32,B 
87,39,B 
12,38,C 
95,37,B 
42,58,B 
15,31,C 
30,39,C 
29,81,B 
74,78,A 
81,45,B 
10,53,C 
86,28,B 
43,46,B 
66,94,A 
49,50,B 
47,33,B 
26,62,B 
43,95,B 
64,73,B 
72,25,B 
36,88,B 
46,46,B 
58,66,B 
72,91,A 
82,36,B 
23,25,C 
32,13,C 
100,75,A 
100,54,A 
91,30,B 
56,22,C 
10,76,B 
48,33,B 
59,88,A 
92,65,A 
62,38,B 
27,32,C 
27,86,B 
16,46,C 
18,36,C 
18,49,C 
74,87,A 
86,48,B 
76,49,B 
91,53,A 
66,25,B 
72,34,B 
48,83,B 
37,72,B 
62,67,B 
64,39,B 
61,34,B 
16,60,C 
15,94,B 
87,83,A 
16,16,C 
41,62,B 
68,54,B 
50,37,B 
99,32,B 
13,61,C 
35,99,B 
95,79,A 
84,70,A 
18,33,C 
88,53,A 
47,31,C 
65,24,B 
58,55,B 
16,32,C 
100,84,A 
75,52,B 
100,15,B 
73,74,A 
89,12,B 
92,35,B 
46,66,B 
87,33,B 
60,75,B 
25,77,B 
40,85,B 
28,41,C 
72,99,A 
99,12,B 
21,66,B 
62,80,A 
46,47,B 
60,44,B 
64,75,B 
24,18,C 
87,36,B 
34,98,B 
42,98,A 
94,53,A 
62,62,B 
21,61,B 
26,48,C 
32,53,B 
43,33,C 
72,45,B 
87,49,B 
50,13,C 
51,71,B 
87,23,B 
28,81,B 
45,36,B 
14,13,C 
64,99,A 
90,11,B 
49,37,B 
50,37,B 
44,83,B 
68,74,A 
52,86,B 
18,80,B 
87,89,A 
84,65,A 
48,36,B 
29,98,B 
87,99,A 
39,55,B 
65,78,A 
97,34,B 
10,39,C 
11,32,C 
13,21,C 
33,10,C 
90,74,A 
56,36,B 
25,47,C 
29,17,C 
65,23,B 
23,15,C 
15,85,B 
70,88,A 
43,24,C 
89,28,B 
80,83,A 
19,75,B 
97,11,B 
10,45,C 
96,67,A 
94,10,B 
93,64,A 
44,12,C 
40,33,C 
21,73,B 
62,65,B 
61,41,B 
63,42,B 
75,44,B 
85,99,A 
47,37,B 
31,90,B 
39,35,C 
22,26,C 
31,44,C 
15,23,C 
54,33,B 
74,69,A 
12,66,C 
21,88,B 
12,48,C 
16,94,B 
16,72,B 
83,80,A 
14,10,C 
96,59,A 
88,94,A 
81,24,B 
44,24,C 
17,19,C 
53,60,B 
76,69,A 
69,20,B 
93,27,B 
73,13,B 
73,72,A 
100,21,B 
11,80,B 
70,85,A 
89,67,A 
16,73,B 
55,97,A 
21,46,C 
33,84,B 
43,86,B 
39,83,B 
62,48,B 
30,23,C 
30,36,C 
29,22,C 
23,36,C 
53,82,B 
11,86,B 
90,44,B 
40,19,C 
43,11,C 
96,11,B 
65,98,A 
48,46,B 
64,23,B 
65,78,A 
94,46,A 
21,56,C 
95,51,A 
67,23,B 
100,35,B 
38,53,B 
48,74,B 
68,62,B 
100,12,B 
11,22,C 
10,56,C 
48,23,C 
57,64,B 
93,60,A 
58,81,B 
81,71,A 
25,18,C 
49,60,B 
18,91,B 
39,70,B 
33,12,C 
24,26,C 
86,74,A 
18,33,C 
26,49,C 
69,80,A 
67,65,B 
42,75,B 
29,20,C 
38,18,C 
61,11,C 
43,52,B 
37,68,B 
55,84,B 
96,84,A 
52,46,B 
43,44,B 
97,56,A 
47,92,B 
60,33,B 
16,17,C 
53,63,B 
77,50,B 
61,18,C 
92,42,B 
21,64,B 
32,45,C 
22,98,B 
24,36,C 
61,97,A 
86,29,B 
43,39,B 
37,45,B 
45,79,B 
89,26,B 
14,11,C 
83,77,A 
52,16,C 
57,44,B 
74,49,B 
74,32,B 
11,31,C 
74,64,B 
65,50,B 
11,19,C 
60,63,B 
28,27,C 
56,67,B 
26,11,C 
79,88,A 
47,48,B 
18,86,B 
95,66,A 
12,17,C 
29,30,C 
82,70,A 
95,72,A 
63,99,A 
26,70,B 
89,34,B 
91,83,A 
13,60,C 
12,67,C 
98,59,A 
93,92,A 
90,58,A 
61,90,A 
25,86,B 
53,34,B 
16,77,B 
61,33,B 
26,49,C 
87,51,B 
11,83,B 
73,62,B 
37,77,B 
58,23,B 
82,10,B 
23,53,C 
13,61,C 
43,65,B 
24,69,B 
13,83,B 
73,46,B 
10,44,C 
33,32,C 
71,32,B 
30,89,B 
29,76,B 
51,69,B 
41,73,B 
88,12,B 
100,30,B 
49,97,A 
74,18,B 
21,27,C 
73,41,B 
29,18,C 
26,94,B 
46,43,B 
55,11,C 
82,52,B 
54,100,A 
96,96,A 
84,80,A 
87,40,B 
44,46,B 
31,65,B 
86,97,A 
10,48,C 
79,49,B 
42,36,C 
70,43,B 
32,96,B 
79,27,B 
89,95,A 
57,41,B 
71,100,A 
76,13,B 
63,96,A 
81,92,A 
92,57,A 
28,36,C 
19,31,C 
60,99,A 
58,68,B 
57,37,B 
41,35,C 
52,76,B 
91,95,A 
35,94,B 
10,83,B 
99,56,A 
35,86,B 
79,35,B 
19,47,C 
46,88,B 
40,94,B 
92,55,A 
53,32,B 
51,90,A 
85,79,A 
20,41,C 
53,79,B 
67,86,A 
44,100,A 
51,99,A 
26,84,B 
39,60,B 
48,51,B 
79,64,A 
16,43,C 
66,73,B 
96,78,A 
28,16,C 
62,37,B 
90,87,A 
53,80,B 
99,31,B 
74,55,B 
38,88,B 
79,98,A 
90,98,A 
85,42,B 
12,36,C 
94,49,A 
84,72,A 
76,90,A 
85,30,B 
39,54,B 
12,78,B 
94,46,A 
97,72,A 
71,27,B 
43,99,A 
48,46,B 
76,27,B 
89,25,B 
46,44,B 
19,82,B 
46,39,B 
16,48,C 
40,38,C 
32,88,B 
59,36,B 
67,12,C 
38,81,B 
70,62,B 
42,56,B 
49,11,C 
63,69,B 
16,23,C 
73,30,B 
25,10,C 
94,29,B 
73,38,B 
44,98,A 
94,53,A 
27,67,B 
65,44,B 
27,45,C 
16,100,B 
33,67,B 
15,79,B 
96,83,A 
92,43,B 
49,14,C 
58,19,C 
98,81,A 
72,13,B 
79,87,A 
18,56,C 
50,37,B 
52,52,B 
13,19,C 
16,70,B 
24,57,B 
31,51,B 
69,64,B 
93,32,B 
91,79,A 
29,28,C 
36,82,B 
38,91,B 
71,97,A 
22,77,B 
55,52,B 
19,14,C 
67,76,A 
82,77,A 
26,44,C 
80,77,A 
91,43,B 
98,87,A 
24,99,B 
37,26,C 
22,95,B 
84,52,B 
42,54,B 
36,10,C 
14,46,C 
59,69,B 
71,27,B 
91,35,B 
38,60,B 
45,25,C 
97,34,B 
36,92,B 
53,28,B 
83,67,A 
77,89,A 
25,74,B 
88,28,B 
98,42,A 
66,16,B 
80,30,B 
71,12,B 
52,34,B 
32,69,B 
89,99,A 
75,94,A 
63,81,A 
79,22,B 
14,92,B 
83,67,A 
21,85,B 
98,86,A 
31,38,C 
84,25,B 
20,24,C 
27,32,C 
77,99,A 
58,32,B 
99,100,A 
60,29,B 
32,54,B 
13,59,C 
42,33,C 
86,43,B 
24,93,B 
18,41,C 
23,98,B 
19,40,C 
61,91,A 
26,20,C 
43,68,B 
93,42,B 
21,10,C 
46,32,C 
61,49,B 
48,14,C 
69,26,B 
57,93,A 
25,20,C 
83,10,B 
70,58,B 
27,61,B 
78,39,B 
72,22,B 
26,50,C 
55,64,B 
55,35,B 
31,77,B 
52,48,B 
31,63,B 
80,29,B 
56,93,A 
54,56,B 
19,69,B 
19,96,B 
44,23,C 
22,35,C 
11,100,B 
94,39,B 
63,93,A 
38,80,B 
10,47,C 
59,73,B 
22,98,B 
88,100,A 
14,95,B 
66,34,B 
88,36,B 
100,42,A 
30,25,C 
74,41,B 
47,57,B 
87,44,B 
63,86,A 
56,58,B 
78,65,A 
82,26,B 
93,62,A 
21,50,C 
14,77,B 
72,69,A 
43,96,B 
71,32,B 
52,92,A 
25,78,B 
85,16,B 
59,39,B 
32,13,C 
61,65,B 
80,46,B 
89,52,A 
45,90,B 
63,79,A 
42,69,B 
97,21,B 
75,81,A 
90,52,A 
23,52,C 
97,92,A 
67,43,B 
66,55,B 
95,73,A 
47,58,B 
19,85,B 
60,36,B 
41,22,C 
83,32,B 
47,81,B 
11,57,C 
100,38,B 
75,86,A 
51,65,B 
55,57,B 
46,10,C 
22,66,B 
55,67,B 
57,80,B 
55,84,B 
55,58,B 
82,91,A 
73,36,B 
47,76,B 
10,74,B 
72,37,B 
42,28,C 
83,86,A 
38,48,B 
52,56,B 
16,86,B 
28,54,B 
87,60,A 
61,82,A 
52,79,B 
81,42,B 
19,77,B 
47,82,B 
45,24,C 
40,52,B 
39,56,B 
58,14,C 
89,94,A 
72,57,B 
58,63,B 
63,40,B 
56,14,C 
40,43,B 
76,62,B 
100,77,A 
81,77,A 
83,47,B 
77,84,A 
36,41,C 
44,59,B 
39,79,B 
26,28,C 
66,24,B 
61,85,A 
82,15,B 
73,25,B 
42,90,B 
47,40,B 
20,18,C 
16,86,B 
87,62,A 
24,58,B 
59,12,C 
75,77,A 
84,26,B 
34,37,C 
26,71,B 
22,64,B 
48,50,B 
24,84,B 
47,25,C 
40,49,B 
83,70,A 
42,68,B 
84,97,A 
73,12,B 
78,73,A 
79,80,A 
72,33,B 
34,84,B 
46,48,B 
56,21,C 
67,13,B 
45,87,B 
29,51,B 
75,88,A 
93,22,B 
67,40,B 
77,88,A 
68,34,B 
82,13,B 
22,94,B 
91,79,A 
22,68,B 
40,64,B 
56,92,A 
79,41,B 
17,64,B 
41,91,B 
97,57,A 
16,67,B 
55,36,B 
40,14,C 
29,40,C 
42,93,B 
60,17,C 
74,91,A 
98,49,A 
23,30,C 
80,19,B 
65,10,C 
19,29,C 
20,83,B 
68,31,B 
46,31,C 
86,32,B 
91,63,A 
15,80,B 
39,52,B 
51,62,B 
11,64,C 
49,61,B 
28,50,C 
40,44,B 
95,50,A 
26,24,C 
12,10,C 
100,26,B 
69,97,A 
80,34,B 
26,82,B 
65,43,B 
19,12,C 
85,54,B 
55,57,B 
18,41,C 
40,38,C 
60,22,B 
57,38,B 
93,53,A 
62,27,B 
11,60,C 
67,46,B 
11,35,C 
53,60,B 
73,50,B 
44,38,B 
16,37,C 
37,11,C 
82,70,A 
68,59,B 
52,50,B 
48,70,B 
47,91,B 
90,21,B 
11,74,B 
84,49,B 
81,10,B 
61,49,B 
28,96,B 
10,12,C 
34,60,B 
46,70,B 
49,85,B 
16,75,B 
75,22,B 
35,75,B 
84,29,B 
65,40,B 
55,87,A 
83,22,B 
78,17,B 
53,92,A 
43,67,B 
30,16,C 
94,35,B 
58,92,A 
81,17,B 
76,95,A 
61,46,B 
94,97,A 
85,50,B 
58,81,B 
74,49,B 
14,86,B 
40,13,C 
21,84,B 
68,44,B 
30,23,C 
66,33,B 
83,16,B 
11,16,C 
68,17,B 
64,34,B 
56,39,B 
18,53,C 
38,81,B 
38,60,B 
31,50,B 
56,96,A 
15,62,C 
56,80,B 
97,34,B 
56,30,B 
96,92,A 
100,49,A 
82,77,A 
70,78,A 
40,26,C 
12,59,C 
39,100,B 
24,24,C 
86,33,B 
48,80,B 
21,74,B 
31,28,C 
76,88,A 
55,91,A 
91,61,A 
10,50,C 
65,37,B 
31,76,B 
65,46,B 
52,13,C 
28,72,B 
28,48,C 
62,72,B 
80,77,A 
14,75,B 
65,55,B 
16,39,C 
49,57,B 
20,100,B 
92,100,A 
76,27,B 
33,83,B 
71,52,B 
39,93,B 
63,58,B 
46,54,B 
86,47,B 
47,68,B 
32,36,C 
81,49,B 
32,90,B 
37,81,B 
89,18,B 
45,63,B 
26,44,C 
93,88,A 
74,74,A 
99,92,A 
96,30,B 
97,65,A 
59,70,B 
56,50,B 
26,91,B 
25,93,B 
49,14,C 
17,58,C 
74,34,B 
75,71,A 
70,93,A 
41,86,B 
21,95,B 
83,61,A 
89,36,B 
92,35,B 
26,10,C 
52,22,C 
57,11,C 
42,66,B 
55,92,A 
12,60,C 
47,93,A 
63,65,B 
77,66,A 
62,43,B 
17,96,B 
47,86,B 
38,75,B 
29,41,C 
28,84,B 
64,30,B 
77,90,A 
97,24,B 
93,86,A 
98,79,A 
38,72,B 
54,44,B 
59,52,B 
10,58,C 
12,28,C 
52,28,B 
27,72,B 
23,79,B 
49,64,B 
18,32,C 
93,80,A 
87,31,B 
90,54,A 
63,34,B 
95,76,A 
45,68,B 
64,72,B 
93,98,A 
12,20,C 
97,88,A 
29,67,B 
53,45,B 
15,20,C 
43,32,C 
13,74,B 
53,29,B 
41,22,C 
97,94,A 
44,28,C 
45,12,C 
38,58,B 
10,62,C 
88,64,A 
93,84,A 
60,44,B 
19,79,B 
61,51,B 
92,49,A 
65,57,B 
68,73,A 
33,91,B 
15,79,B 
95,55,A 
23,73,B 
57,89,A 
91,47,B 
95,34,B 
37,87,B 
35,56,B 
59,33,B 
62,63,B 
76,48,B 
12,43,C 
95,89,A 
90,97,A 
78,26,B 
56,30,B 
55,58,B 
35,86,B 
65,60,B 
99,20,B 
23,65,B 
17,64,B 
51,21,C 
67,29,B 
79,37,B 
23,92,B 
40,28,C 
76,17,B 
72,58,B 
60,88,A 
48,23,C 
98,36,B 
65,88,A 
15,75,B 
97,11,B 
98,17,B 
18,48,C 
97,70,A 
74,64,B 
52,54,B 
42,31,C 
11,72,B 
60,44,B 
27,36,C 
97,76,A 
62,54,B 
21,33,C 
97,55,A 
46,29,C 
33,35,C 
90,58,A 
69,54,B 
93,86,A 
13,34,C 
47,20,C 
23,28,C 
78,68,A 
20,77,B 
84,18,B 
76,78,A 
98,65,A 
84,30,B 
44,58,B 
26,46,C 
58,100,A 
97,47,A 
42,80,B 
59,24,B 
87,11,B 
25,94,B 
60,44,B 
35,33,C 
66,51,B 
87,73,A 
58,28,B 
72,26,B 
20,67,B 
59,57,B 
58,26,B 
51,71,B 
72,35,B 
93,48,A 
27,21,C 
54,36,B 
17,48,C 
43,11,C 
83,90,A 
97,20,B 
12,91,B 
91,95,A 
86,62,A 
79,19,B 
77,80,A 
89,83,A 
49,67,B 
59,17,C 
91,30,B 
28,66,B 
46,14,C 
80,75,A 
45,56,B 
71,53,B 
58,72,B 
83,18,B 
44,50,B 
81,45,B 
82,70,A 
73,70,A 
84,23,B 
73,100,A 
15,76,B 
88,64,A 
78,76,A 
89,18,B 
94,32,B 
44,70,B 
37,37,C 
44,67,B 
59,35,B 
64,58,B 
99,68,A 
93,89,A 
11,10,C 
97,54,A 
65,42,B 
26,74,B 
61,43,B 
84,33,B 
64,46,B 
53,98,A 
71,84,A 
86,26,B 
12,21,C 
56,86,A 
76,25,B 
71,99,A 
68,74,A 
81,54,B 
46,62,B 
20,59,C 
86,82,A 
78,45,B 
75,45,B 
22,71,B 
50,30,B 
100,71,A 
56,65,B 
44,18,C 
75,60,B 
83,86,A 
12,92,B 
21,12,C 
42,57,B 
92,10,B 
12,31,C 
10,88,B 
37,46,B 
32,70,B 
72,19,B 
12,80,B 
11,93,B 
51,37,B 
57,38,B 
73,56,B 
76,93,A 
16,16,C 
20,91,B 
100,83,A 
20,76,B 
77,20,B 
45,37,B 
80,99,A 
70,96,A 
13,13,C 
55,33,B 
92,99,A 
88,58,A 
92,51,A 
75,59,B 
69,15,B 
94,49,A 
35,96,B 
78,94,A 
24,84,B 
57,38,B 
95,93,A 
15,11,C 
56,28,B 
35,49,B 
12,12,C 
71,21,B 
64,12,C 
27,53,B 
90,61,A 
79,28,B 
20,91,B 
16,10,C 
61,42,B 
63,64,B 
95,51,A 
55,71,B 
71,15,B 
20,39,C 
42,73,B 
60,82,A 
58,32,B 
66,31,B 
90,18,B 
91,58,A 
73,22,B 
15,19,C 
71,87,A 
76,56,B 
87,86,A 
77,21,B 
51,41,B 
78,15,B 
10,41,C 
71,100,A 
26,88,B 
23,27,C 
96,77,A 
43,16,C 
90,12,B 
36,63,B 
64,81,A 
37,60,B 
91,31,B 
74,58,B 
62,95,A 
36,65,B 
77,85,A 
45,64,B 
30,55,B 
93,89,A 
68,38,B 
47,22,C 
42,86,B 
85,25,B 
41,55,B 
60,94,A 
26,33,C 
56,45,B 
66,86,A 
47,29,C 
36,91,B 
80,16,B 
44,95,B 
80,91,A 
34,90,B 
48,96,A 
11,19,C 
53,55,B 
87,36,B 
49,31,B 
88,21,B 
56,97,A 
38,43,B 
22,95,B 
39,62,B 
27,68,B 
25,14,C 
69,70,B 
27,68,B 
57,96,A 
46,25,C 
96,97,A 
43,39,B 
29,24,C 
35,52,B 
26,91,B 
99,92,A 
22,14,C 
57,64,B 
100,70,A 
98,49,A 
89,84,A 
35,17,C 
53,43,B 
85,95,A 
89,39,B 
55,10,C 
85,91,A 
58,91,A 
76,86,A 
21,91,B 
53,96,A 
13,44,C 
82,66,A 
40,16,C 
74,88,A 
54,26,B 
80,19,B 
33,27,C 
26,62,B 
42,44,B 
82,80,A 
79,23,B 
95,63,A 
36,92,B 
59,66,B 
51,52,B 
60,72,B 
29,41,C 
45,62,B 
89,44,B 
49,19,C 
63,80,A 
74,21,B 
57,46,B 
38,68,B 
95,89,A 
79,98,A 
14,91,B 
98,45,A 
88,70,A 
81,67,A 
72,24,B 
28,65,B 
25,60,B 
77,79,A 
46,45,B 
48,25,C 
28,15,C 
57,59,B 
98,28,B 
79,61,A 
28,36,C 
89,66,A 
54,99,A 
89,76,A 
84,26,B 
14,63,C 
69,98,A 
56,98,A 
69,82,A 
75,66,A 
92,73,A 
61,18,C 
23,33,C 
10,16,C 
24,41,C 
82,90,A 
58,52,B 
26,75,B 
22,74,B 
66,62,B 
24,76,B 
87,73,A 
59,30,B 
97,13,B 
22,12,C 
13,84,B 
51,28,C 
35,58,B 
66,30,B 
93,65,A 
63,66,B 
78,32,B 
98,16,B 
95,22,B 
45,75,B 
89,40,B 
89,36,B 
52,94,A 
41,86,B 
78,54,B 
61,70,B 
93,49,A 
13,36,C 
48,63,B 
36,33,C 
77,57,B 
70,27,B 
100,62,A 
82,90,A 
65,81,A 
38,85,B 
51,34,B 
57,98,A 
77,24,B 
78,77,A 
80,81,A 
73,33,B 
13,15,C 
52,20,C 
80,92,A 
39,66,B 
88,87,A 
37,98,B 
36,16,C 
44,66,B 
53,53,B 
18,92,B 
71,21,B 
66,68,B 
71,96,A 
61,95,A 
98,10,B 
58,69,B 
49,93,A 
16,89,B 
92,94,A 
99,17,B 
51,50,B 
19,74,B 
99,41,A 
79,54,B 
28,66,B 
67,30,B 
60,80,A 
86,71,A 
76,42,B 
37,26,C 
96,22,B 
21,13,C 
10,11,C 
30,11,C 
80,57,B 
31,53,B 
65,61,B 
89,45,B 
25,11,C 
92,47,B 
42,50,B 
28,15,C 
38,49,B 
33,26,C 
72,55,B 
40,40,B 
60,55,B 
21,69,B 
52,76,B 
29,60,B 
64,78,A 
10,10,C 
60,45,B 
51,77,B 
51,33,B 
13,51,C 
44,35,C 
30,76,B 
49,37,B 
98,95,A 
37,54,B 
71,86,A 
82,83,A 
34,17,C 
53,36,B 
12,67,C 
85,44,B 
17,26,C 
13,98,B 
48,29,C 
64,60,B 
50,74,B 
93,54,A 
100,34,B 
25,97,B 
46,33,C 
31,35,C 
22,79,B 
36,64,B 
37,48,B 
75,44,B 
29,10,C 
93,94,A 
32,21,C 
91,58,A 
64,37,B 
10,72,B 
72,37,B 
26,20,C 
25,95,B 
21,74,B 
90,97,A 
23,98,B 
47,37,B 
69,67,B 
94,69,A 
42,23,C 
21,65,B 
41,74,B 
85,67,A 
23,16,C 
75,38,B 
80,90,A 
35,59,B 
10,77,B 
49,80,B 
95,69,A 
97,35,B 
69,40,B 
17,23,C 
64,20,B 
77,84,A 
87,62,A 
81,19,B 
87,85,A 
68,83,A 
28,61,B 
47,30,C 
50,37,B 
46,78,B 
87,85,A 
91,21,B 
81,40,B 
14,86,B 
72,25,B 
59,49,B 
11,39,C 
19,52,C 
68,43,B 
56,98,A 
61,26,B 
17,59,C 
95,86,A 
98,43,A 
54,22,C 
56,14,C 
31,91,B 
22,49,C 
22,45,C 
67,37,B 
74,12,B 
26,69,B 
93,27,B 
15,44,C 
89,32,B 
74,67,A 
89,36,B 
42,99,A 
26,67,B 
90,37,B 
88,56,A 
97,13,B 
21,92,B 
47,48,B 
93,32,B 
65,67,B 
89,24,B 
74,55,B 
90,72,A 
96,88,A 
21,57,C 
79,87,A 
90,69,A 
62,42,B 
20,71,B 
81,86,A 
72,93,A 
91,92,A 
20,18,C 
64,30,B 
84,64,A 
72,56,B 
13,78,B 
32,14,C 
46,77,B 
84,50,B 
61,63,B 
23,93,B 
26,88,B 
14,54,C 
75,59,B 
64,19,B 
76,12,B 
61,42,B 
52,86,B 
83,65,A 
62,67,B 
43,10,C 
31,31,C 
42,89,B 
65,40,B 
86,68,A 
64,43,B 
73,81,A 
52,44,B 
97,70,A 
25,44,C 
64,82,A 
74,42,B 
55,77,B 
82,33,B 
67,41,B 
54,39,B 
61,69,B 
36,90,B 
82,97,A 
30,17,C 
65,73,B 
16,58,C 
49,23,C 
61,100,A 
86,81,A 
86,88,A 
36,90,B 
40,57,B 
37,63,B 
73,45,B 
50,36,B 
38,61,B 
40,72,B 
75,22,B 
40,53,B 
20,69,B 
75,33,B 
39,67,B 
74,99,A 
86,34,B 
90,57,A 
41,24,C 
84,55,B 
60,68,B 
95,35,B 
47,33,B 
66,51,B 
57,59,B 
90,65,A 
74,71,A 
50,51,B 
15,99,B 
24,33,C 
79,27,B 
47,25,C 
93,72,A 
87,38,B 
66,57,B 
96,62,A 
51,30,B 
69,30,B 
24,48,C 
29,26,C 
60,86,A 
64,40,B 
49,61,B 
14,30,C 
97,92,A 
47,98,A 
50,25,C 
69,58,B 
47,85,B 
33,33,C 
75,46,B 
42,77,B 
100,31,B 
24,56,B 
97,49,A 
81,52,B 
91,60,A 
14,60,C 
15,70,B 
60,43,B 
20,11,C 
90,31,B 
20,19,C 
25,92,B 
71,77,A 
60,43,B 
27,98,B 
98,14,B 
50,37,B 
30,66,B 
54,27,B 
54,65,B 
94,67,A 
12,99,B 
82,72,A 
85,83,A 
59,60,B 
64,86,A 
48,26,C 
56,65,B 
80,51,B 
88,46,B 
77,22,B 
68,23,B 
21,16,C 
21,68,B 
33,28,C 
85,17,B 
60,83,A 
56,15,C 
52,79,B 
97,83,A 
77,41,B 
10,40,C 
37,14,C 
36,83,B 
12,64,C 
69,82,A 
62,19,B 
50,41,B 
81,33,B 
62,69,B 
10,18,C 
57,100,A 
71,54,B 
60,78,B 
35,71,B 
59,25,B 
71,41,B 
86,77,A 
72,41,B 
22,42,C 
39,88,B 
47,76,B 
12,12,C 
58,56,B 
88,87,A 
80,64,A 
66,37,B 
68,67,B 
15,38,C 
77,87,A 
63,30,B 
53,92,A 
98,78,A 
55,50,B 
18,56,C 
24,68,B 
55,51,B 
80,64,A 
76,16,B 
62,79,A 
41,47,B 
14,23,C 
15,90,B 
37,64,B 
67,85,A 
27,97,B 
81,15,B 
90,89,A 
55,99,A 
31,46,C 
65,44,B 
32,34,C 
50,37,B 
68,96,A 
88,70,A 
37,36,C 
16,28,C 
39,86,B 
84,14,B 
62,77,B 
38,50,B 
96,97,A 
86,81,A 
58,44,B 
74,87,A 
71,10,B 
82,46,B 
10,78,B 
15,69,B 
12,82,B 
59,67,B 
87,98,A 
85,13,B 
39,19,C 
36,83,B 
77,35,B 
88,98,A 
93,82,A 
49,95,A 
21,45,C 
91,55,A 
44,66,B 
64,12,C 
45,89,B 
37,85,B 
69,56,B 
43,37,B 
27,30,C 
43,65,B 
77,92,A 
83,30,B 
46,73,B 
70,51,B 
27,37,C 
82,65,A 
58,76,B 
58,57,B 
86,56,A 
32,24,C 
80,10,B 
39,55,B 
29,75,B 
95,32,B 
16,26,C 
21,65,B 
35,81,B 
82,42,B 
81,95,A 
37,39,C 
38,74,B 
44,31,C 
53,52,B 
94,100,A 
45,79,B 
43,77,B 
58,54,B 
44,68,B 
97,94,A 
72,54,B 
15,60,C 
52,30,B 
69,76,A 
99,29,B 
12,63,C 
89,19,B 
54,59,B 
24,62,B 
80,57,B 
12,35,C 
36,13,C 
90,88,A 
11,81,B 
92,100,A 
30,54,B 
71,44,B 
40,91,B 
11,86,B 
77,35,B 
96,69,A 
46,91,B 
60,100,A 
86,12,B 
28,24,C 
72,85,A 
49,98,A 
19,70,B 
92,27,B 
48,66,B 
75,44,B 
12,21,C 
69,60,B 
50,26,C 
45,31,C 
14,84,B 
37,70,B 
46,45,B 
80,21,B 
31,29,C 
26,27,C 
100,15,B 
77,67,A 
26,43,C 
15,78,B 
35,48,B 
33,46,C 
76,89,A 
68,87,A 
77,83,A 
90,63,A 
68,53,B 
36,50,B 
63,65,B 
97,84,A 
68,76,A 
42,60,B 
70,43,B 
37,52,B 
65,97,A 
57,99,A 
65,51,B 
41,47,B 
77,13,B 
82,12,B 
97,49,A 
66,46,B 
75,51,B 
11,36,C 
67,31,B 
24,33,C 
42,30,C 
20,44,C 
99,74,A 
27,63,B 
25,58,B 
33,25,C 
33,88,B 
81,89,A 
58,54,B 
14,45,C 
45,24,C 
72,37,B 
92,36,B 
94,94,A 
85,80,A 
38,41,C 
67,48,B 
54,36,B 
85,86,A 
67,67,B 
89,61,A 
32,37,C 
100,11,B 
11,58,C 
78,64,A 
33,28,C 
58,98,A 
58,26,B 
39,16,C 
11,16,C 
74,37,B 
44,59,B 
53,22,C 
61,21,B 
65,50,B 
29,45,C 
97,98,A 
43,61,B 
43,36,C 
100,74,A 
24,99,B 
47,28,C 
64,38,B 
43,28,C 
64,51,B 
49,26,C 
12,71,B 
74,27,B 
99,42,A 
80,22,B 
29,60,B 
44,71,B 
79,48,B 
67,95,A 
29,18,C 
28,96,B 
34,82,B 
29,67,B 
93,68,A 
54,74,B 
61,99,A 
32,10,C 
20,48,C 
40,74,B 
80,76,A 
48,47,B 
24,21,C 
32,46,C 
30,66,B 
92,75,A 
68,54,B 
31,41,C 
63,85,A 
12,51,C 
99,87,A 
45,51,B 
73,74,A 
34,87,B 
74,97,A 
56,89,A 
45,83,B 
41,28,C 
48,10,C 
70,43,B 
91,45,B 
10,34,C 
30,80,B 
48,51,B 
22,82,B 
37,84,B 
64,95,A 
51,61,B 
95,45,A 
70,10,B 
22,99,B 
56,74,B 
28,85,B 
41,26,C 
54,87,A 
62,70,B 
98,23,B 
72,13,B 
59,51,B 
65,39,B 
56,31,B 
22,95,B 
36,44,B 
35,69,B 
97,42,B 
95,29,B 
67,81,A 
34,55,B 
68,24,B 
78,69,A 
72,40,B 
34,10,C 
99,84,A 
44,58,B 
90,43,B 
90,68,A 
24,68,B 
78,36,B 
35,50,B 
78,95,A 
44,71,B 
85,52,B 
12,81,B 
39,47,B 
64,75,B 
63,54,B 
45,12,C 
66,56,B 
64,78,A 
67,33,B 
49,21,C 
37,54,B 
28,94,B 
62,96,A 
37,72,B 
37,40,C 
29,36,C 
95,34,B 
65,58,B 
11,81,B 
74,47,B 
44,30,C 
62,11,C 
40,78,B 
92,98,A 
28,25,C 
20,62,B 
27,53,B 
34,37,C 
59,44,B 
84,56,A 
89,100,A 
12,63,C 
69,13,B 
98,74,A 
83,93,A 
58,56,B 
34,46,B 
63,89,A 
100,80,A 
26,41,C 
100,16,B 
58,13,C 
73,42,B 
73,80,A 
73,57,B 
44,35,C 
94,95,A 
51,12,C 
88,54,A 
59,81,A 
85,69,A 
54,39,B 
90,28,B 
70,58,B 
75,69,A 
24,50,C 
100,38,B 
75,23,B 
24,94,B 
33,74,B 
35,67,B 
51,82,B 
92,78,A 
68,15,B 
96,12,B 
89,39,B 
53,54,B 
85,39,B 
73,94,A 
97,75,A 
73,27,B 
91,90,A 
45,10,C 
26,70,B 
36,68,B 
90,75,A 
48,62,B 
57,73,B 
14,70,B 
76,75,A 
72,18,B 
69,60,B 
29,37,C 
19,11,C 
36,79,B 
41,99,A 
47,72,B 
38,33,C 
28,24,C 
58,16,C 
32,46,C 
36,42,C 
50,45,B 
62,80,A 
85,94,A 
17,77,B 
19,76,B 
100,98,A 
73,63,B 
27,51,C 
72,96,A 
88,70,A 
66,93,A 
74,80,A 
19,28,C 
14,90,B 
48,16,C 
83,100,A 
52,28,B 
90,52,A 
97,10,B 
86,11,B 
25,94,B 
37,78,B 
59,80,B 
89,49,B 
86,46,B 
17,47,C 
36,57,B 
100,34,B 
49,78,B 
35,81,B 
11,49,C 
63,84,A 
43,75,B 
26,34,C 
22,88,B 
49,87,B 
38,95,B 
10,22,C 
36,20,C 
63,32,B 
32,63,B 
45,60,B 
39,25,C 
91,61,A 
86,90,A 
57,39,B 
22,84,B 
28,32,C 
50,69,B 
78,49,B 
54,80,B 
28,15,C 
55,66,B 
63,86,A 
18,60,C 
36,78,B 
21,21,C 
62,69,B 
60,32,B 
94,10,B 
80,31,B 
68,11,C 
74,41,B 
100,81,A 
31,100,B 
43,16,C 
15,90,B 
20,20,C 
86,68,A 
84,55,B 
76,86,A 
67,98,A 
26,14,C 
28,99,B 
92,50,A 
51,24,C 
48,25,C 
92,42,B 
78,67,A 
49,50,B 
63,68,B 
84,60,A 
16,11,C 
36,96,B 
16,10,C 
33,45,C 
40,16,C 
67,87,A 
52,81,B 
75,57,B 
33,54,B 
69,44,B 
77,83,A 
62,80,A 
27,71,B 
16,63,C 
86,36,B 
63,13,C 
68,55,B 
42,32,C 
26,71,B 
17,75,B 
17,44,C 
75,20,B 
73,58,B 
11,44,C 
21,37,C 
27,26,C 
85,85,A 
66,54,B 
30,29,C 
65,52,B 
41,22,C 
42,59,B 
28,71,B 
28,87,B 
28,86,B 
85,29,B 
37,14,C 
47,93,A 
10,33,C 
93,96,A 
43,93,B 
36,91,B 
76,36,B 
37,71,B 
53,86,B 
64,58,B 
66,63,B 
100,53,A 
60,12,C 
40,23,C 
62,49,B 
33,29,C 
59,71,B 
42,90,B 
59,79,B 
85,75,A 
98,21,B 
60,90,A 
38,64,B 
69,57,B 
50,83,B 
37,67,B 
17,89,B 
50,78,B 
25,38,C 
47,89,B 
56,92,A 
93,18,B 
91,48,B 
73,26,B 
60,72,B 
66,18,B 
27,24,C 
85,44,B 
76,35,B 
40,96,B 
41,64,B 
72,96,A 
17,62,C 
46,29,C 
59,79,B 
32,35,C 
10,29,C 
64,25,B 
61,86,A 
45,99,A 
81,52,B 
51,48,B 
48,21,C 
97,45,A 
36,73,B 
66,98,A 
98,34,B 
50,75,B 
87,21,B 
65,35,B 
89,13,B 
17,58,C 
69,80,A 
69,81,A 
73,19,B 
22,31,C 
82,96,A 
91,21,B 
89,96,A 
98,84,A 
27,10,C 
80,48,B 
90,34,B 
34,49,B 
69,83,A 
85,65,A 
66,68,B 
23,99,B 
65,62,B 
31,26,C 
97,69,A 
99,23,B 
37,25,C 
52,78,B 
24,32,C 
65,25,B 
73,76,A 
38,86,B 
93,33,B 
64,23,B 
80,74,A 
82,99,A 
28,10,C 
66,81,A 
89,13,B 
78,19,B 
95,100,A 
75,24,B 
40,25,C 
58,21,C 
20,44,C 
58,97,A 
55,90,A 
37,73,B 
73,83,A 
51,24,C 
14,21,C 
36,17,C 
49,48,B 
90,68,A 
54,80,B 
33,85,B 
17,72,B 
10,97,B 
86,26,B 
31,56,B 
39,70,B 
39,34,C 
82,70,A 
98,69,A 
47,50,B 
17,25,C 
60,83,A 
60,45,B 
41,95,B 
77,63,A 
33,74,B 
13,33,C 
74,73,A 
36,40,C 
80,90,A 
30,74,B 
43,14,C 
93,16,B 
40,13,C 
58,19,C 
87,74,A 
86,91,A 
97,45,A 
86,37,B 
10,63,C 
77,86,A 
87,15,B 
15,66,B 
97,54,A 
37,94,B 
22,64,B 
89,37,B 
100,98,A 
48,89,B 
90,91,A 
83,37,B 
34,25,C 
16,100,B 
50,93,A 
47,33,B 
62,84,A 
16,26,C 
43,16,C 
87,94,A 
81,97,A 
11,57,C 
85,97,A 
39,33,C 
42,54,B 
80,98,A 
94,85,A 
84,23,B 
19,71,B 
77,97,A 
33,31,C 
57,54,B 
36,54,B 
63,56,B 
21,70,B 
71,75,A 
82,51,B 
34,70,B 
79,26,B 
58,54,B 
97,89,A 
31,35,C 
46,33,C 
81,75,A 
32,24,C 
20,36,C 
91,52,A 
18,58,C 
24,38,C 
25,21,C 
62,30,B 
34,65,B 
76,96,A 
68,29,B 
11,16,C 
84,35,B 
98,74,A 
12,40,C 
31,80,B 
73,39,B 
64,41,B 
84,16,B 
38,16,C 
79,17,B 
45,43,B 
99,57,A 
40,57,B 
28,24,C 
78,93,A 
50,36,B 
80,52,B 
99,42,A 
35,35,C 
45,20,C 
22,11,C 
97,18,B 
73,81,A 
28,40,C 
46,85,B 
42,94,B 
41,29,C 
43,100,A 
85,55,A 
39,30,C 
80,17,B 
73,28,B 
67,76,A 
61,72,B 
35,72,B 
28,41,C 
79,43,B 
10,19,C 
77,97,A 
32,73,B 
36,90,B 
62,25,B 
75,53,B 
47,87,B 
75,14,B 
96,16,B 
89,29,B 
78,54,B 
13,39,C 
49,23,C 
25,52,C 
21,56,C 
42,64,B 
69,47,B 
63,95,A 
15,49,C 
44,52,B 
39,69,B 
26,84,B 
72,50,B 
21,89,B 
91,10,B 
92,15,B 
14,94,B 
28,84,B 
51,60,B 
80,17,B 
100,11,B 
63,60,B 
31,86,B 
90,88,A 
91,84,A 
91,66,A 
16,67,B 
66,72,B 
49,28,C 
98,93,A 
36,34,C 
71,34,B 
65,52,B 
44,13,C 
28,62,B 
92,15,B 
64,96,A 
72,30,B 
61,91,A 
91,92,A 
43,56,B 
95,80,A 
51,17,C 
51,31,B 
21,94,B 
28,42,C 
75,19,B 
71,38,B 
67,79,A 
18,36,C 
35,48,B 
15,64,C 
13,25,C 
80,92,A 
72,21,B 
48,34,B 
71,28,B 
66,52,B 
73,27,B 
64,22,B 
97,16,B 
92,36,B 
22,49,C 
84,49,B 
29,77,B 
95,12,B 
16,28,C 
85,49,B 
47,46,B 
55,62,B 
69,85,A 
81,77,A 
64,48,B 
25,84,B 
10,81,B 
56,15,C 
69,86,A 
61,17,C 
76,87,A 
93,42,B 
93,76,A 
77,83,A 
96,39,B 
12,98,B 
60,94,A 
78,45,B 
63,99,A 
28,28,C 
80,73,A 
57,40,B 
32,12,C 
17,37,C 
87,66,A 
61,70,B 
10,90,B 
32,54,B 
63,11,C 
89,82,A 
54,86,A 
63,44,B 
35,40,C 
80,36,B 
67,34,B 
68,41,B 
75,61,B 
79,49,B 
44,67,B 
85,82,A 
47,97,A 
34,89,B 
95,17,B 
11,96,B 
46,17,C 
24,24,C 
96,23,B 
39,23,C 
91,32,B 
38,85,B 
52,26,C 
48,20,C 
87,23,B 
44,89,B 
44,63,B 
93,36,B 
40,28,C 
37,100,B 
95,65,A 
81,96,A 
46,87,B 
55,13,C 
85,90,A 
57,27,B 
28,86,B 
36,61,B 
91,38,B 
36,19,C 
97,83,A 
78,13,B 
52,82,B 
86,73,A 
58,84,A 
39,53,B 
37,33,C 
73,83,A 
48,33,B 
64,29,B 
30,36,C 
31,72,B 
50,33,B 
73,25,B 
94,65,A 
61,93,A 
55,34,B 
25,38,C 
13,63,C 
65,74,B 
38,37,C 
54,75,B 
17,84,B 
36,54,B 
31,67,B 
18,43,C 
52,87,B 
77,97,A 
46,42,B 
68,18,B 
48,41,B 
47,50,B 
30,57,B 
18,73,B 
37,94,B 
63,91,A 
67,54,B 
32,44,C 
67,24,B 
16,97,B 
74,76,A 
92,24,B 
82,23,B 
34,34,C 
78,88,A 
15,36,C 
15,19,C 
20,13,C 
71,19,B 
43,78,B 
48,68,B 
76,41,B 
27,39,C 
76,88,A 
20,92,B 
49,43,B 
32,80,B 
60,33,B 
26,83,B 
30,38,C 
39,77,B 
100,95,A 
55,16,C 
100,40,A 
61,99,A 
10,67,C 
27,86,B 
87,66,A 
25,43,C 
95,64,A 
92,20,B 
57,80,B 
100,47,A 
96,42,B 
66,67,B 
86,38,B 
56,48,B 
20,76,B 
13,47,C 
15,91,B 
79,82,A 
87,36,B 
10,29,C 
56,87,A 
47,43,B 
39,65,B 
11,44,C 
25,68,B 
47,94,A 
42,66,B 
30,83,B 
54,47,B 
43,81,B 
32,64,B 
39,54,B 
53,77,B 
21,26,C 
33,95,B 
92,13,B 
100,16,B 
65,96,A 
86,96,A 
10,66,C 
21,47,C 
96,90,A 
22,71,B 
61,16,C 
13,85,B 
65,42,B 
64,93,A 
27,60,B 
54,71,B 
80,84,A 
65,11,C 
57,98,A 
38,36,C 
54,71,B 
14,36,C 
34,42,C 
82,100,A 
60,11,C 
53,41,B 
77,13,B 
69,63,B 
15,16,C 
90,29,B 
26,89,B 
64,67,B 
69,84,A 
56,54,B 
35,38,C 
29,20,C 
97,48,A 
32,54,B 
77,40,B 
28,59,B 
24,52,C 
32,52,B 
38,63,B 
98,36,B 
76,59,B 
73,97,A 
75,28,B 
89,64,A 
81,30,B 
69,66,B 
74,55,B 
26,20,C 
60,97,A 
33,75,B 
64,27,B 
20,100,B 
27,36,C 
86,92,A 
96,76,A 
47,89,B 
39,77,B 
44,79,B 
43,26,C 
90,22,B 
67,82,A 
53,41,B 
92,94,A 
85,88,A 
42,19,C 
16,14,C 
93,44,B 
21,54,C 
23,12,C 
41,31,C 
97,43,A 
59,22,B 
49,46,B 
12,84,B 
87,86,A 
79,23,B 
76,20,B 
83,12,B 
90,24,B 
33,22,C 
64,30,B 
29,58,B 
23,46,C 
60,31,B 
63,83,A 
69,96,A 
96,97,A 
86,89,A 
54,55,B 
12,18,C 
59,100,A 
23,91,B 
13,50,C 
94,31,B 
55,81,B 
50,85,B 
55,88,A 
68,40,B 
81,36,B 
40,33,C 
63,80,A 
65,49,B 
23,51,C 
12,68,B 
37,62,B 
52,32,B 
51,38,B 
100,62,A 
58,36,B 
12,72,B 
34,41,C 
92,86,A 
97,99,A 
33,39,C 
63,26,B 
71,16,B 
12,84,B 
16,12,C 
75,15,B 
86,50,B 
40,45,B 
53,62,B 
11,11,C 
69,90,A 
97,25,B 
40,18,C 
20,91,B 
74,92,A 
57,66,B 
96,82,A 
34,40,C 
69,22,B 
87,48,B 
73,36,B 
15,29,C 
44,41,B 
27,79,B 
91,78,A 
42,90,B 
32,83,B 
31,83,B 
80,22,B 
56,94,A 
35,27,C 
75,88,A 
32,16,C 
93,37,B 
90,20,B 
63,11,C 
20,82,B 
43,83,B 
29,30,C 
62,19,B 
88,99,A 
58,95,A 
29,58,B 
16,57,C 
69,55,B 
32,90,B 
76,73,A 
51,61,B 
80,34,B 
90,48,B 
68,50,B 
61,84,A 
98,61,A 
65,40,B 
82,40,B 
79,38,B 
19,44,C 
54,78,B 
24,76,B 
15,46,C 
39,23,C 
99,94,A 
12,56,C 
74,94,A 
42,25,C 
100,25,B 
56,78,B 
72,44,B 
40,58,B 
24,13,C 
40,60,B 
72,23,B 
13,72,B 
68,60,B 
40,32,C 
68,58,B 
75,81,A 
43,41,B 
91,40,B 
11,37,C 
46,90,B 
78,34,B 
20,19,C 
67,71,B 
18,21,C 
91,41,B 
91,29,B 
32,36,C 
92,33,B 
35,87,B 
61,34,B 
51,18,C 
81,90,A 
42,67,B 
89,92,A 
76,77,A 
29,50,C 
33,53,B 
26,38,C 
22,37,C 
55,66,B 
72,25,B 
88,24,B 
69,38,B 
73,97,A 
59,43,B 
52,49,B 
18,28,C 
44,96,A 
69,84,A 
98,88,A 
59,41,B 
41,58,B 
46,63,B 
51,39,B 
30,82,B 
100,59,A 
45,99,A 
75,32,B 
19,96,B 
78,23,B 
91,36,B 
29,34,C 
23,78,B 
76,71,A 
35,13,C 
27,63,B 
20,19,C 
63,32,B 
96,67,A 
55,85,A 
48,54,B 
46,85,B 
12,39,C 
55,65,B 
72,79,A 
40,62,B 
46,56,B 
57,65,B 
25,35,C 
48,17,C 
97,17,B 
75,41,B 
66,56,B 
47,70,B 
43,39,B 
93,38,B 
57,14,C 
68,79,A 
91,35,B 
58,96,A 
46,75,B 
87,74,A 
79,21,B 
46,29,C 
97,10,B 
76,42,B 
96,98,A 
74,58,B 
20,93,B 
35,87,B 
63,81,A 
78,61,B 
20,15,C 
44,87,B 
95,27,B 
71,54,B 
33,37,C 
62,11,C 
33,40,C 
21,23,C 
55,40,B 
93,28,B 
79,14,B 
17,30,C 
62,77,B 
49,50,B 
40,26,C 
51,95,A 
96,96,A 
99,100,A 
44,77,B 
45,97,A 
85,52,B 
18,45,C 
73,43,B 
17,59,C 
92,49,A 
90,50,A 
11,73,B 
64,34,B 
94,63,A 
100,76,A 
80,31,B 
80,69,A 
15,93,B 
80,46,B 
74,51,B 
90,18,B 
22,35,C 
61,97,A 
58,97,A 
53,89,A 
77,71,A 
61,22,B 
76,70,A 
12,92,B 
57,15,C 
75,90,A 
61,33,B 
29,60,B 
33,65,B 
68,21,B 
37,75,B 
46,73,B 
90,75,A 
17,13,C 
31,79,B 
54,78,B 
89,59,A 
82,95,A 
100,91,A 
79,58,B 
11,71,B 
18,20,C 
24,87,B 
19,16,C 
49,50,B 
68,31,B 
53,40,B 
100,53,A 
39,16,C 
43,69,B 
77,75,A 
24,84,B 
67,15,B 
85,59,A 
45,64,B 
61,59,B 
72,66,B 
90,25,B 
58,79,B 
11,78,B 
13,83,B 
77,65,A 
50,38,B 
38,50,B 
29,25,C 
34,51,B 
69,61,B 
30,79,B 
36,64,B 
93,15,B 
19,68,B 
26,41,C 
31,61,B 
64,79,A 
96,90,A 
66,35,B 
71,89,A 
47,66,B 
92,14,B 
79,69,A 
32,39,C 
37,46,B 
34,15,C 
99,87,A 
75,32,B 
65,61,B 
48,53,B 
99,39,B 
91,76,A 
37,79,B 
17,38,C 
73,94,A 
51,68,B 
95,26,B 
20,95,B 
30,62,B 
72,84,A 
30,80,B 
83,50,B 
99,96,A 
99,18,B 
25,96,B 
38,52,B 
79,10,B 
11,64,C 
11,82,B 
28,84,B 
50,53,B 
81,95,A 
96,89,A 
37,21,C 
63,22,B 
73,55,B 
55,38,B 
86,66,A 
92,50,A 
81,18,B 
83,67,A 
16,58,C 
84,94,A 
25,97,B 
69,86,A 
17,73,B 
14,98,B 
76,97,A 
56,97,A 
90,79,A 
94,98,A 
61,84,A 
42,36,C 
56,24,B 
74,49,B 
18,20,C 
40,17,C 
59,97,A 
49,91,A 
62,77,B 
43,42,B 
97,54,A 
39,86,B 
46,70,B 
79,85,A 
26,98,B 
90,28,B 
79,30,B 
35,97,B 
22,12,C 
49,42,B 
32,15,C 
42,44,B 
89,69,A 
91,75,A 
20,30,C 
31,82,B 
34,58,B 
12,44,C 
80,58,B 
42,51,B 
52,86,B 
48,15,C 
20,85,B 
42,36,C 
35,100,B 
77,41,B 
60,75,B 
13,32,C 
95,47,A 
13,88,B 
69,70,B 
18,39,C 
27,27,C 
99,31,B 
54,36,B 
53,30,B 
85,59,A 
17,71,B 
56,73,B 
48,80,B 
51,32,B 
31,99,B 
65,40,B 
28,81,B 
68,81,A 
23,89,B 
70,66,B 
24,67,B 
47,61,B 
94,98,A 
22,46,C 
43,46,B 
100,85,A 
87,78,A 
27,78,B 
38,36,C 
83,37,B 
53,74,B 
39,56,B 
26,83,B 
18,53,C 
38,85,B 
41,70,B 
90,91,A 
12,15,C 
84,26,B 
57,30,B 
49,80,B 
61,73,B 
90,74,A 
11,43,C 
46,23,C 
50,24,C 
89,15,B 
99,11,B 
23,48,C 
27,10,C 
32,100,B 
68,66,B 
62,22,B 
57,16,C 
23,57,B 
42,87,B 
47,68,B 
93,17,B 
23,69,B 
21,17,C 
88,81,A 
42,87,B 
92,98,A 
84,25,B 
39,24,C 
15,99,B 
17,82,B 
60,78,B 
90,25,B 
17,33,C 
20,86,B 
46,60,B 
38,56,B 
13,24,C 
12,88,B 
67,66,B 
82,92,A 
45,88,B 
92,25,B 
96,97,A 
14,35,C 
19,61,B 
65,51,B 
98,72,A 
79,98,A 
24,77,B 
12,51,C 
94,62,A 
14,50,C 
76,14,B 
43,33,C 
55,59,B 
70,82,A 
37,46,B 
58,52,B 
48,39,B 
91,20,B 
91,46,B 
30,63,B 
59,81,A 
38,48,B 
100,68,A 
54,68,B 
64,49,B 
31,84,B 
94,51,A 
53,26,C 
87,79,A 
66,11,C 
80,24,B 
55,33,B 
51,45,B 
71,13,B 
37,95,B 
78,96,A 
71,55,B 
48,69,B 
79,50,B 
100,90,A 
12,33,C 
85,41,B 
28,10,C 
10,14,C 
20,13,C 
44,92,B 
27,10,C 
76,80,A 
84,11,B 
10,74,B 
45,31,C 
14,97,B 
16,42,C 
64,48,B 
66,30,B 
24,37,C 
81,19,B 
86,40,B 
63,95,A 
64,12,C 
28,22,C 
17,42,C 
48,62,B 
68,76,A 
32,94,B 
52,14,C 
55,81,B 
19,39,C 
30,14,C 
51,13,C 
59,65,B 
86,58,A 
66,32,B 
51,58,B 
90,100,A 
71,97,A 
61,47,B 
72,22,B 
84,59,A 
64,40,B 
10,49,C 
37,88,B 
60,52,B 
47,70,B 
73,12,B 
13,23,C 
81,42,B 
43,24,C 
42,82,B 
43,48,B 
73,27,B 
63,69,B 
27,91,B 
59,99,A 
80,94,A 
36,10,C 
25,82,B 
87,14,B 
26,63,B 
43,71,B 
25,61,B 
35,58,B 
88,26,B 
15,24,C 
94,34,B 
14,87,B 
84,47,B 
59,11,C 
96,34,B 
19,10,C 
86,12,B 
34,85,B 
24,82,B 
64,76,A 
44,81,B 
38,49,B 
27,60,B 
38,85,B 
26,67,B 
70,53,B 
66,18,B 
54,84,B 
93,67,A 
56,60,B 
87,10,B 
71,50,B 
84,79,A 
19,89,B 
29,94,B 
39,34,C 
80,53,B 
94,67,A 
58,42,B 
33,83,B 
42,41,B 
36,97,B 
12,33,C 
12,67,C 
15,95,B 
83,37,B 
91,60,A 
95,89,A 
91,80,A 
58,67,B 
82,68,A 
31,74,B 
18,81,B 
64,86,A 
22,74,B 
82,67,A 
30,31,C 
38,96,B 
52,19,C 
94,92,A 
64,58,B 
47,21,C 
25,26,C 
24,67,B 
23,83,B 
67,39,B 
98,55,A 
71,45,B 
62,99,A 
30,23,C 
98,31,B 
60,25,B 
83,69,A 
97,89,A 
17,91,B 
14,93,B 
66,11,C 
84,16,B 
21,39,C 
64,14,C 
12,71,B 
11,55,C 
13,74,B 
22,25,C 
75,15,B 
46,35,B 
67,40,B 
86,81,A 
76,79,A 
96,45,A 
24,46,C 
97,16,B 
27,18,C 
24,53,C 
55,80,B 
14,20,C 
41,40,B 
64,56,B 
79,13,B 
39,20,C 
80,32,B 
82,18,B 
68,54,B 
19,48,C 
90,91,A 
67,24,B 
91,64,A 
11,71,B 
30,61,B 
81,29,B 
13,86,B 
58,93,A 
29,86,B 
13,58,C 
97,97,A 
75,91,A 
54,100,A 
45,70,B 
85,66,A 
42,94,B 
90,76,A 
34,26,C 
40,91,B 
30,12,C 
19,11,C 
38,63,B 
33,11,C 
91,46,B 
13,44,C 
100,82,A 
73,34,B 
36,70,B 
32,41,C 
13,86,B 
54,94,A 
55,52,B 
87,30,B 
37,26,C 
28,21,C 
47,34,B 
87,55,A 
51,50,B 
57,12,C 
72,44,B 
41,81,B 
63,79,A 
10,97,B 
28,98,B 
90,85,A 
25,34,C 
88,53,A 
64,37,B 
42,22,C 
92,53,A 
69,56,B 
64,38,B 
58,68,B 
27,76,B 
88,46,B 
96,81,A 
44,13,C 
75,37,B 
14,27,C 
59,83,A 
64,68,B 
59,69,B 
19,62,B 
75,58,B 
42,71,B 
74,84,A 
52,34,B 
62,70,B 
80,17,B 
22,89,B 
29,58,B 
81,34,B 
47,27,C 
69,12,B 
40,23,C 
71,67,B 
83,74,A 
35,52,B 
53,25,C 
80,75,A 
89,68,A 
18,32,C 
59,16,C 
25,96,B 
12,44,C 
26,91,B 
80,71,A 
86,47,B 
47,67,B 
64,35,B 
48,27,C 
67,48,B 
28,82,B 
10,57,C 
64,86,A 
69,67,B 
21,91,B 
91,63,A 
34,92,B 
100,20,B 
24,92,B 
16,90,B 
27,94,B 
33,39,C 
95,94,A 
59,94,A 
99,38,B 
91,68,A 
39,23,C 
90,66,A 
47,77,B 
51,92,A 
63,91,A 
33,17,C 
78,10,B 
74,33,B 
51,12,C 
62,99,A 
41,18,C 
39,47,B 
57,63,B 
92,59,A 
26,99,B 
83,73,A 
80,36,B 
91,98,A 
25,80,B 
96,21,B 
70,57,B 
37,59,B 
81,98,A 
91,92,A 
96,80,A 
92,18,B 
31,46,C 
10,55,C 
34,45,C 
76,27,B 
10,69,C 
93,46,B 
95,46,A 
61,47,B 
19,79,B 
66,72,B 
69,30,B 
35,33,C 
20,67,B 
80,80,A 
95,88,A 
20,57,C 
90,19,B 
14,91,B 
100,16,B 
42,17,C 
100,51,A 
72,23,B 
51,65,B 
92,73,A 
10,72,B 
24,91,B 
71,30,B 
31,63,B 
30,39,C 
37,87,B 
57,55,B 
54,49,B 
31,72,B 
81,91,A 
16,12,C 
10,65,C 
25,88,B 
38,23,C 
38,81,B 
37,89,B 
58,55,B 
30,86,B 
13,79,B 
60,35,B 
26,81,B 
87,22,B 
73,17,B 
11,88,B 
98,61,A 
62,13,C 
86,40,B 
62,32,B 
69,47,B 
63,62,B 
85,42,B 
87,28,B 
67,49,B 
100,74,A 
17,65,B 
36,43,C 
92,54,A 
15,17,C 
85,26,B 
74,30,B 
10,62,C 
73,74,A 
86,40,B 
68,42,B 
15,32,C 
49,75,B 
44,91,B 
53,39,B 
34,97,B 
70,26,B 
41,67,B 
34,11,C 
94,92,A 
97,61,A 
65,93,A 
53,26,C 
32,94,B 
42,35,C 
79,47,B 
84,36,B 
57,26,B 
35,95,B 
35,82,B 
32,20,C 
27,43,C 
75,90,A 
33,27,C 
14,49,C 
60,81,A 
59,33,B 
23,85,B 
16,24,C 
72,86,A 
85,52,B 
88,69,A 
44,23,C 
17,95,B 
72,34,B 
63,95,A 
54,56,B 
91,41,B 
14,32,C 
65,30,B 
98,87,A 
31,68,B 
69,32,B 
32,91,B 
47,35,B 
65,51,B 
19,27,C 
26,83,B 
13,66,C 
53,58,B 
75,95,A 
47,60,B 
78,16,B 
76,18,B 
19,99,B 
58,79,B 
10,95,B 
57,80,B 
67,12,C 
70,71,A 
63,24,B 
53,96,A 
79,58,B 
41,99,A 
82,99,A 
22,81,B 
42,83,B 
86,84,A 
52,44,B 
82,19,B 
53,37,B 
88,42,B 
32,98,B 
69,32,B 
71,21,B 
67,24,B 
58,47,B 
97,85,A 
42,62,B 
85,40,B 
12,37,C 
40,45,B 
45,87,B 
96,69,A 
10,44,C 
21,96,B 
12,33,C 
72,81,A 
13,26,C 
26,91,B 
49,65,B 
69,10,C 
10,38,C 
46,49,B 
12,86,B 
42,72,B 
97,91,A 
44,94,B 
14,33,C 
98,37,B 
50,19,C 
78,10,B 
39,10,C 
94,11,B 
55,44,B 
80,46,B 
52,24,C 
34,88,B 
61,66,B 
80,84,A 
97,79,A 
96,82,A 
60,68,B 
63,72,B 
89,68,A 
36,32,C 
59,98,A 
72,67,B 
95,50,A 
99,55,A 
24,99,B 
46,47,B 
67,27,B 
45,64,B 
82,11,B 
86,47,B 
39,43,B 
74,67,A 
71,77,A 
38,61,B 
32,91,B 
67,87,A 
42,62,B 
37,69,B 
20,21,C 
14,95,B 
45,35,B 
25,50,C 
30,22,C 
77,78,A 
76,78,A 
22,81,B 
20,35,C 
20,53,C 
25,20,C 
61,89,A 
22,11,C 
88,88,A 
16,44,C 
97,38,B 
85,36,B 
50,87,B 
100,35,B 
52,47,B 
82,19,B 
96,71,A 
41,10,C 
43,56,B 
22,58,B 
67,96,A 
94,53,A 
18,26,C 
67,97,A 
60,43,B 
49,89,B 
73,81,A 
82,71,A 
25,49,C 
82,94,A 
90,10,B 
55,13,C 
63,73,B 
82,39,B 
51,38,B 
17,47,C 
11,93,B 
95,20,B 
66,32,B 
25,30,C 
63,76,B 
72,88,A 
74,38,B 
67,51,B 
55,70,B 
51,62,B 
45,53,B 
40,15,C 
19,68,B 
65,92,A 
57,71,B 
29,45,C 
18,41,C 
99,40,B 
35,17,C 
11,38,C 
12,16,C 
94,87,A 
13,49,C 
79,70,A 
18,90,B 
83,92,A 
60,51,B 
50,13,C 
76,11,B 
82,87,A 
19,80,B 
100,86,A 
99,39,B 
71,71,A 
93,90,A 
86,58,A 
11,31,C 
29,87,B 
71,17,B 
94,91,A 
14,93,B 
45,19,C 
78,51,B 
11,13,C 
70,85,A 
36,23,C 
51,93,A 
73,76,A 
48,49,B 
21,12,C 
36,18,C 
19,42,C 
54,99,A 
10,16,C 
14,11,C 
71,96,A 
33,65,B 
56,69,B 
99,66,A 
36,34,C 
27,64,B 
74,99,A 
12,100,B 
49,57,B 
55,73,B 
79,86,A 
89,56,A 
53,93,A 
79,42,B 
50,33,B 
25,63,B 
53,58,B 
26,88,B 
18,41,C 
90,11,B 
95,13,B 
29,49,C 
16,76,B 
74,29,B 
74,24,B 
98,97,A 
24,40,C 
46,100,A 
29,42,C 
34,94,B 
75,98,A 
19,59,C 
20,85,B 
39,67,B 
37,74,B 
80,39,B 
51,26,C 
59,60,B 
98,37,B 
40,50,B 
87,84,A 
82,28,B 
15,65,B 
22,37,C 
88,74,A 
30,90,B 
48,36,B 
30,90,B 
36,47,B 
99,10,B 
55,88,A 
92,39,B 
86,12,B 
85,21,B 
18,96,B 
28,77,B 
51,76,B 
90,32,B 
64,95,A 
30,74,B 
15,58,C 
46,73,B 
20,96,B 
13,56,C 
76,14,B 
62,86,A 
75,98,A 
34,91,B 
63,13,C 
75,54,B 
79,79,A 
20,72,B 
23,60,B 
60,50,B 
75,65,A 
91,78,A 
66,35,B 
40,75,B 
29,70,B 
96,32,B 
98,73,A 
52,23,C 
27,54,B 
47,32,C 
54,27,B 
78,83,A 
27,96,B 
60,93,A 
91,41,B 
67,17,B 
25,67,B 
98,17,B 
86,97,A 
38,83,B 
46,61,B 
84,48,B 
88,82,A 
98,90,A 
93,57,A 
63,35,B 
56,70,B 
41,37,C 
50,92,A 
22,23,C 
91,61,A 
100,85,A 
65,68,B 
31,18,C 
84,86,A 
33,34,C 
57,98,A 
78,74,A 
11,58,C 
89,99,A 
71,13,B 
32,15,C 
30,46,C 
49,56,B 
75,23,B 
44,95,B 
74,64,B 
15,64,C 
37,90,B 
98,40,B 
31,87,B 
88,92,A 
94,39,B 
56,30,B 
68,64,B 
55,12,C 
29,39,C 
78,59,B 
28,81,B 
54,86,A 
12,95,B 
33,93,B 
86,98,A 
83,24,B 
20,74,B 
96,21,B 
76,79,A 
51,84,B 
19,57,C 
37,72,B 
19,31,C 
34,87,B 
73,94,A 
30,69,B 
82,50,B 
21,62,B 
59,28,B 
20,23,C 
32,48,B 
35,23,C 
90,74,A 
46,12,C 
45,88,B 
97,25,B 
63,55,B 
88,42,B 
81,58,B 
44,19,C 
83,20,B 
31,64,B 
30,29,C 
72,54,B 
74,92,A 
45,66,B 
37,41,C 
13,78,B 
89,74,A 
11,76,B 
89,23,B 
71,70,A 
82,21,B 
15,26,C 
56,38,B 
29,94,B 
73,24,B 
12,37,C 
24,71,B 
75,69,A 
81,10,B 
100,11,B 
95,93,A 
99,10,B 
81,17,B 
37,69,B 
51,81,B 
89,68,A 
62,91,A 
92,100,A 
32,98,B 
95,13,B 
34,93,B 
44,80,B 
97,48,A 
19,45,C 
48,73,B 
90,99,A 
35,59,B 
62,53,B 
23,37,C 
94,63,A 
66,87,A 
42,93,B 
28,35,C 
15,60,C 
65,79,A 
77,100,A 
90,36,B 
62,33,B 
66,30,B 
68,53,B 
64,57,B 
90,43,B 
90,33,B 
99,43,A 
37,96,B 
16,40,C 
53,30,B 
75,76,A 
10,61,C 
38,11,C 
64,48,B 
62,23,B 
55,63,B 
76,30,B 
100,45,A 
19,20,C 
93,35,B 
57,35,B 
53,67,B 
77,66,A 
24,77,B 
54,79,B 
29,29,C 
51,89,A 
73,88,A 
32,24,C 
45,46,B 
47,72,B 
34,21,C 
87,79,A 
81,76,A 
57,97,A 
70,81,A 
57,74,B 
74,47,B 
94,74,A 
47,59,B 
69,94,A 
21,67,B 
65,87,A 
13,86,B 
71,45,B 
51,32,B 
46,66,B 
45,98,A 
39,75,B 
37,38,C 
67,100,A 
41,17,C 
77,96,A 
40,22,C 
50,76,B 
13,19,C 
24,50,C 
100,75,A 
76,40,B 
81,28,B 
35,55,B 
78,93,A 
58,58,B 
35,43,C 
68,77,A 
100,100,A 
79,89,A 
78,18,B 
58,75,B 
76,28,B 
79,25,B 
19,58,C 
51,62,B 
90,92,A 
97,75,A 
28,97,B 
88,42,B 
33,80,B 
91,45,B 
10,100,B 
13,26,C 
28,84,B 
86,60,A 
94,51,A 
58,26,B 
11,21,C 
24,72,B 
20,34,C 
27,17,C 
20,41,C 
28,31,C 
40,43,B 
45,47,B 
98,42,A 
10,86,B 
97,70,A 
88,16,B 
89,47,B 
39,32,C 
61,34,B 
53,43,B 
54,22,C 
17,48,C 
76,99,A 
12,64,C 
83,92,A 
23,95,B 
60,33,B 
73,51,B 
91,46,B 
50,14,C 
62,66,B 
42,98,A 
89,36,B 
15,10,C 
87,40,B 
88,12,B 
34,45,C 
62,74,B 
21,16,C 
76,95,A 
66,93,A 
76,12,B 
98,48,A 
36,51,B 
99,23,B 
69,32,B 
80,83,A 
42,43,B 
42,22,C 
72,58,B 
70,18,B 
73,64,B 
75,47,B 
27,78,B 
100,80,A 
27,50,C 
33,50,B 
88,100,A 
28,96,B 
45,76,B 
24,94,B 
15,84,B 
21,85,B 
13,38,C 
58,50,B 
95,47,A 
47,85,B 
54,77,B 
46,92,B 
34,71,B 
96,73,A 
29,75,B 
99,74,A 
21,31,C 
55,35,B 
27,73,B 
52,47,B 
37,63,B 
85,44,B 
80,61,A 
83,51,B 
27,61,B 
12,44,C 
93,94,A 
30,71,B 
29,89,B 
31,80,B 
94,80,A 
92,54,A 
23,69,B 
46,52,B 
45,51,B 
33,22,C 
87,90,A 
86,69,A 
54,36,B 
66,93,A 
43,30,C 
95,54,A 
100,82,A 
58,56,B 
35,78,B 
68,77,A 
76,13,B 
43,86,B 
88,52,A 
62,63,B 
29,56,B 
49,14,C 
89,52,A 
92,66,A 
69,72,A 
58,91,A 
18,14,C 
42,43,B 
82,68,A 
35,91,B 
43,99,A 
94,26,B 
13,19,C 
34,43,C 
58,41,B 
33,16,C 
61,76,B 
31,37,C 
49,52,B 
63,45,B 
16,30,C 
65,73,B 
40,12,C 
68,50,B 
24,83,B 
71,69,A 
38,51,B 
37,27,C 
31,73,B 
51,33,B 
75,42,B 
29,48,C 
39,68,B 
44,22,C 
83,77,A 
28,23,C 
45,67,B 
85,67,A 
16,12,C 
73,15,B 
57,68,B 
55,28,B 
70,78,A 
82,17,B 
79,50,B 
57,93,A 
81,40,B 
79,10,B 
69,43,B 
63,17,B 
25,62,B 
91,65,A 
78,45,B 
11,42,C 
13,15,C 
52,78,B 
98,68,A 
59,11,C 
35,33,C 
63,24,B 
54,96,A 
76,15,B 
34,50,B 
20,68,B 
62,85,A 
25,27,C 
32,86,B 
81,54,B 
93,17,B 
11,47,C 
18,81,B 
31,98,B 
76,58,B 
26,14,C 
23,69,B 
10,56,C 
68,36,B 
11,74,B 
46,33,C 
28,23,C 
14,17,C 
70,94,A 
42,62,B 
22,49,C 
21,40,C 
92,33,B 
85,62,A 
88,53,A 
59,18,C 
38,11,C 
64,99,A 
20,15,C 
19,65,B 
86,74,A 
60,91,A 
85,72,A 
66,12,C 
42,43,B 
26,61,B 
47,96,A 
25,20,C 
60,77,B 
29,94,B 
43,44,B 
22,11,C 
44,15,C 
44,37,B 
55,39,B 
36,96,B 
82,59,A 
59,77,B 
22,43,C 
87,61,A 
68,95,A 
61,95,A 
62,36,B 
11,10,C 
64,25,B 
52,59,B 
12,51,C 
96,28,B 
64,81,A 
33,39,C 
80,50,B 
36,41,C 
64,85,A 
52,99,A 
21,91,B 
24,41,C 
16,38,C 
47,100,A 
54,81,B 
20,16,C 
87,96,A 
80,38,B 
72,73,A 
95,84,A 
58,95,A 
72,93,A 
80,82,A 
15,31,C 
30,47,C 
69,64,B 
36,36,C 
12,47,C 
97,52,A 
97,20,B 
87,32,B 
40,47,B 
82,43,B 
47,15,C 
36,46,B 
15,93,B 
20,32,C 
56,60,B 
89,51,A 
23,79,B 
36,70,B 
87,67,A 
50,12,C 
81,96,A 
29,58,B 
56,90,A 
17,86,B 
77,76,A 
68,66,B 
94,17,B 
67,45,B 
43,94,B 
65,56,B 
80,40,B 
25,82,B 
93,19,B 
25,62,B 
46,30,C 
10,99,B 
34,39,C 
81,76,A 
93,96,A 
90,48,B 
53,81,B 
23,30,C 
85,55,A 
13,64,C 
33,53,B 
13,43,C 
78,67,A 
46,35,B 
75,64,B 
12,44,C 
58,80,B 
46,24,C 
67,93,A 
44,96,A 
78,83,A 
84,89,A 
57,32,B 
87,92,A 
18,76,B 
33,16,C 
13,79,B 
91,35,B 
45,62,B 
56,82,B 
17,15,C 
65,67,B 
68,77,A 
96,90,A 
62,35,B 
48,31,C 
49,21,C 
16,36,C 
84,48,B 
55,26,B 
84,66,A 
15,48,C 
23,38,C 
63,50,B 
55,91,A 
64,72,B 
72,27,B 
92,45,B 
52,78,B 
36,82,B 
95,22,B 
21,28,C 
79,93,A 
93,60,A 
43,92,B 
40,93,B 
41,13,C 
69,85,A 
95,37,B 
91,60,A 
93,35,B 
79,87,A 
76,28,B 
35,46,B 
25,85,B 
64,83,A 
15,52,C 
45,37,B 
76,64,A 
39,91,B 
55,99,A 
68,77,A 
76,15,B 
57,90,A 
29,45,C 
86,15,B 
70,29,B 
71,18,B 
73,24,B 
73,13,B 
14,16,C 
40,57,B 
12,40,C 
65,15,B 
13,66,C 
27,41,C 
61,37,B 
86,38,B 
44,53,B 
98,44,A 
54,82,B 
61,52,B 
51,86,B 
58,95,A 
54,48,B 
58,48,B 
12,76,B 
45,89,B 
80,25,B 
81,70,A 
87,29,B 
40,16,C 
40,77,B 
23,79,B 
55,27,B 
86,15,B 
51,38,B 
67,75,A 
25,25,C 
90,59,A 
46,58,B 
48,100,A 
31,61,B 
56,30,B 
32,70,B 
96,58,A 
60,73,B 
31,45,C 
58,80,B 
50,37,B 
79,71,A 
55,85,A 
98,55,A 
31,20,C 
60,79,B 
52,35,B 
70,82,A 
62,35,B 
52,77,B 
14,10,C 
63,39,B 
71,28,B 
14,39,C 
55,21,C 
43,68,B 
93,73,A 
55,16,C 
88,75,A 
59,85,A 
63,78,A 
82,17,B 
67,20,B 
63,54,B 
27,81,B 
98,25,B 
72,62,B 
34,39,C 
37,72,B 
78,39,B 
12,24,C 
83,24,B 
14,11,C 
62,36,B 
50,95,A 
41,10,C 
80,30,B 
64,82,A 
30,64,B 
24,56,B 
14,59,C 
66,38,B 
14,43,C 
63,18,B 
84,60,A 
93,33,B 
32,93,B 
48,44,B 
31,89,B 
31,80,B 
12,55,C 
88,25,B 
44,88,B 
97,15,B 
41,82,B 
90,12,B 
67,19,B 
44,46,B 
66,25,B 
28,85,B 
27,44,C 
39,53,B 
66,95,A 
80,18,B 
95,60,A 
41,41,B 
45,99,A 
35,27,C 
97,28,B 
90,41,B 
44,69,B 
68,28,B 
47,12,C 
36,86,B 
14,65,C 
88,50,B 
30,80,B 
34,60,B 
95,98,A 
97,93,A 
70,17,B 
92,71,A 
25,20,C 
77,62,B 
45,100,A 
34,47,B 
70,85,A 
13,55,C 
63,72,B 
44,65,B 
59,55,B 
47,26,C 
57,34,B 
34,89,B 
85,67,A 
34,100,B 
22,82,B 
87,97,A 
14,46,C 
45,72,B 
82,100,A 
63,41,B 
47,36,B 
93,76,A 
98,52,A 
30,16,C 
93,26,B 
10,96,B 
81,100,A 
36,43,C 
57,48,B 
29,23,C 
46,56,B 
97,95,A 
70,79,A 
27,66,B 
94,35,B 
84,100,A 
87,66,A 
22,41,C 
46,13,C 
16,31,C 
17,56,C 
78,62,A 
21,78,B 
53,39,B 
15,25,C 
48,51,B 
38,95,B 
72,84,A 
11,15,C 
29,96,B 
91,36,B 
50,49,B 
90,24,B 
66,58,B 
64,52,B 
97,48,A 
53,10,C 
85,53,B 
84,34,B 
82,42,B 
79,81,A 
66,52,B 
71,64,B 
83,27,B 
28,90,B 
88,37,B 
28,52,B 
97,84,A 
66,89,A 
36,90,B 
10,38,C 
86,25,B 
70,86,A 
70,20,B 
53,65,B 
84,60,A 
30,38,C 
88,99,A 
20,24,C 
40,85,B 
95,68,A 
21,64,B 
34,84,B 
20,82,B 
67,43,B 
99,68,A 
87,55,A 
27,55,B 
84,44,B 
17,14,C 
81,81,A 
11,21,C 
53,69,B 
11,38,C 
10,87,B 
32,58,B 
78,51,B 
29,47,C 
35,24,C 
32,88,B 
51,81,B 
80,30,B 
89,57,A 
59,50,B 
43,31,C 
37,24,C 
80,33,B 
15,79,B 
22,85,B 
15,19,C 
39,78,B 
18,52,C 
77,90,A 
65,70,B 
47,38,B 
35,94,B 
71,88,A 
67,75,A 
74,76,A 
60,48,B 
59,50,B 
71,31,B 
36,75,B 
34,39,C 
41,56,B 
61,80,A 
20,26,C 
25,58,B 
28,47,C 
84,65,A 
80,84,A 
68,73,A 
83,16,B 
24,69,B 
87,12,B 
96,15,B 
87,90,A 
22,70,B 
61,37,B 
43,87,B 
59,90,A 
82,60,A 
28,29,C 
35,67,B 
43,14,C 
73,81,A 
90,98,A 
57,55,B 
80,80,A 
28,12,C 
81,51,B 
48,15,C 
18,39,C 
35,52,B 
61,83,A 
45,48,B 
39,21,C 
85,76,A 
33,75,B 
21,14,C 
90,33,B 
56,44,B 
48,72,B 
40,31,C 
12,56,C 
33,54,B 
45,74,B 
83,65,A 
80,31,B 
62,79,A 
31,93,B 
21,38,C 
62,55,B 
42,35,C 
19,22,C 
67,85,A 
68,12,B 
45,24,C 
98,53,A 
70,57,B 
30,55,B 
71,56,B 
15,17,C 
84,15,B 
55,80,B 
30,19,C 
37,24,C 
67,93,A 
96,29,B 
26,55,B 
84,57,A 
24,36,C 
36,22,C 
84,58,A 
82,80,A 
31,93,B 
30,78,B 
15,27,C 
97,93,A 
70,31,B 
93,73,A 
73,16,B 
23,18,C 
64,65,B 
22,70,B 
94,62,A 
92,38,B 
55,45,B 
11,34,C 
26,76,B 
96,16,B 
84,55,B 
78,42,B 
73,27,B 
23,24,C 
66,88,A 
35,70,B 
80,61,A 
31,47,C 
25,12,C 
37,46,B 
51,27,C 
68,33,B 
82,36,B 
48,65,B 
67,74,A 
34,20,C 
78,98,A 
74,28,B 
41,79,B 
70,75,A 
22,72,B 
32,40,C 
93,48,A 
24,53,C 
90,77,A 
42,35,C 
27,41,C 
93,27,B 
67,18,B 
56,26,B 
96,83,A 
83,40,B 
64,18,B 
49,91,A 
69,21,B 
14,94,B 
26,78,B 
34,48,B 
92,59,A 
94,91,A 
62,83,A 
10,20,C 
24,68,B 
76,62,B 
81,94,A 
79,82,A 
13,38,C 
23,75,B 
24,29,C 
90,12,B 
28,54,B 
32,78,B 
50,16,C 
20,62,B 
99,57,A 
20,78,B 
68,25,B 
78,25,B 
47,80,B 
62,84,A 
90,65,A 
100,66,A 
74,95,A 
57,53,B 
11,67,C 
81,90,A 
41,47,B 
87,81,A 
61,85,A 
35,69,B 
76,91,A 
69,24,B 
79,28,B 
44,15,C 
77,31,B 
18,77,B 
87,65,A 
10,97,B 
33,79,B 
25,25,C 
71,13,B 
38,93,B 
80,95,A 
100,73,A 
50,24,C 
65,98,A 
57,29,B 
90,98,A 
99,98,A 
91,41,B 
33,69,B 
44,41,B 
67,16,B 
37,95,B 
90,70,A 
26,34,C 
34,57,B 
47,25,C 
78,40,B 
33,54,B 
90,20,B 
81,84,A 
21,21,C 
92,99,A 
69,78,A 
22,32,C 
52,16,C 
86,81,A 
51,74,B 
55,92,A 
74,99,A 
22,44,C 
57,26,B 
58,60,B 
66,39,B 
95,34,B 
28,46,C 
40,85,B 
24,35,C 
71,38,B 
67,73,A 
95,51,A 
93,97,A 
51,32,B 
64,77,A 
66,39,B 
94,93,A 
82,44,B 
78,75,A 
74,17,B 
99,77,A 
32,30,C 
93,73,A 
15,89,B 
47,47,B 
35,96,B 
42,69,B 
65,66,B 
39,58,B 
92,93,A 
97,75,A 
85,40,B 
72,22,B 
66,47,B 
51,62,B 
33,35,C 
89,72,A 
32,88,B 
80,26,B 
34,68,B 
100,36,B 
45,81,B 
86,92,A 
100,30,B 
53,31,B 
74,87,A 
59,26,B 
31,81,B 
98,86,A 
49,52,B 
29,90,B 
47,59,B 
40,96,B 
27,40,C 
76,60,B 
38,52,B 
47,83,B 
25,52,C 
87,44,B 
40,86,B 
73,82,A 
52,21,C 
18,59,C 
80,77,A 
26,90,B 
85,26,B 
52,92,A 
50,33,B 
43,98,A 
41,100,A 
71,82,A 
30,80,B 
12,31,C 
99,88,A 
90,70,A 
13,30,C 
56,92,A 
17,62,C 
50,72,B 
36,68,B 
21,27,C 
69,26,B 
81,96,A 
55,72,B 
18,77,B 
62,22,B 
92,82,A 
93,52,A 
92,88,A 
76,68,A 
72,15,B 
28,30,C 
56,78,B 
56,73,B 
97,96,A 
44,91,B 
88,62,A 
37,78,B 
98,11,B 
81,64,A 
40,29,C 
64,69,B 
69,50,B 
56,78,B 
20,92,B 
20,67,B 
87,58,A 
21,36,C 
67,42,B 
54,21,C 
53,42,B 
42,24,C 
82,75,A 
33,48,B 
79,15,B 
73,60,B 
82,47,B 
68,62,B 
98,48,A 
83,79,A 
13,35,C 
89,88,A 
64,68,B 
62,79,A 
75,23,B 
51,96,A 
32,49,B 
24,93,B 
47,85,B 
36,58,B 
92,56,A 
77,43,B 
80,45,B 
85,17,B 
54,52,B 
17,60,C 
60,65,B 
72,69,A 
50,20,C 
65,75,A 
37,21,C 
19,81,B 
25,36,C 
24,36,C 
32,62,B 
72,82,A 
89,34,B 
51,91,A 
96,95,A 
68,40,B 
99,84,A 
67,39,B 
83,52,B 
44,92,B 
43,70,B 
64,21,B 
81,39,B 
99,49,A 
71,76,A 
32,98,B 
32,63,B 
63,51,B 
29,26,C 
34,41,C 
43,16,C 
82,77,A 
73,34,B 
55,75,B 
89,37,B 
44,58,B 
43,13,C 
72,70,A 
71,63,B 
81,64,A 
25,89,B 
37,20,C 
55,65,B 
27,82,B 
31,85,B 
58,99,A 
13,94,B 
86,85,A 
96,16,B 
71,72,A 
55,45,B 
68,90,A 
82,31,B 
43,37,B 
72,24,B 
62,44,B 
91,56,A 
11,10,C 
86,20,B 
25,94,B 
12,47,C 
11,51,C 
82,39,B 
78,70,A 
71,88,A 
71,47,B 
62,49,B 
66,98,A 
75,21,B 
88,43,B 
61,41,B 
85,79,A 
90,21,B 
33,40,C 
45,15,C 
16,30,C 
37,26,C 
72,29,B 
26,35,C 
74,78,A 
44,60,B 
10,77,B 
84,43,B 
97,100,A 
18,53,C 
78,77,A 
68,53,B 
53,67,B 
19,17,C 
92,42,B 
42,89,B 
57,83,A 
55,18,C 
48,57,B 
60,56,B 
83,72,A 
97,79,A 
47,66,B 
75,16,B 
20,26,C 
98,72,A 
81,58,B 
83,99,A 
78,84,A 
56,29,B 
99,44,A 
90,76,A 
88,20,B 
25,39,C 
81,96,A 
79,56,B 
34,67,B 
89,85,A 
98,67,A 
94,29,B 
40,66,B 
75,42,B 
76,14,B 
27,91,B 
18,84,B 
12,35,C 
10,45,C 
32,83,B 
16,13,C 
54,21,C 
94,75,A 
44,12,C 
67,21,B 
56,89,A 
68,43,B 
66,19,B 
96,50,A 
84,13,B 
100,11,B 
27,88,B 
87,77,A 
25,78,B 
76,53,B 
34,59,B 
76,44,B 
44,88,B 
28,19,C 
36,57,B 
40,81,B 
61,43,B 
79,54,B 
66,39,B 
77,84,A 
17,78,B 
51,27,C 
95,32,B 
29,44,C 
64,76,A 
86,18,B 
85,36,B 
73,75,A 
90,93,A 
55,40,B 
99,55,A 
43,87,B 
41,41,B 
14,72,B 
75,27,B 
78,11,B 
15,70,B 
87,29,B 
60,64,B 
78,50,B 
18,43,C 
13,16,C 
88,12,B 
66,23,B 
51,43,B 
88,22,B 
72,87,A 
36,61,B 
10,25,C 
38,56,B 
48,30,C 
31,33,C 
42,14,C 
26,58,B 
24,83,B 
61,61,B 
74,96,A 
30,54,B 
32,80,B 
65,67,B 
59,24,B 
16,43,C 
77,89,A 
37,12,C 
59,43,B 
21,38,C 
75,71,A 
91,20,B 
67,24,B 
89,11,B 
98,42,A 
51,10,C 
34,67,B 
21,73,B 
97,62,A 
18,47,C 
12,81,B 
50,66,B 
53,28,B 
25,16,C 
18,50,C 
100,76,A 
81,70,A 
83,94,A 
28,68,B 
55,40,B 
46,91,B 
89,39,B 
94,10,B 
73,45,B 
81,89,A 
18,89,B 
96,38,B 
24,67,B 
67,16,B 
76,51,B 
18,74,B 
12,73,B 
16,47,C 
97,86,A 
51,74,B 
15,89,B 
49,89,B 
39,33,C 
48,99,A 
35,83,B 
43,16,C 
50,12,C 
25,16,C 
23,45,C 
65,65,B 
40,14,C 
72,68,A 
57,55,B 
76,14,B 
91,19,B 
28,18,C 
96,30,B 
34,71,B 
93,75,A 
18,20,C 
66,81,A 
14,45,C 
92,61,A 
77,28,B 
24,57,B 
30,87,B 
80,45,B 
75,90,A 
40,89,B 
15,26,C 
75,75,A 
62,81,A 
91,54,A 
83,86,A 
70,51,B 
89,38,B 
10,55,C 
31,16,C 
69,25,B 
50,32,B 
32,62,B 
76,36,B 
94,37,B 
48,74,B 
20,38,C 
31,93,B 
23,23,C 
55,66,B 
72,59,B 
36,28,C 
95,65,A 
42,46,B 
81,96,A 
36,75,B 
45,41,B 
80,52,B 
83,23,B 
78,80,A 
68,70,B 
41,85,B 
47,51,B 
36,20,C 
69,69,B 
33,88,B 
87,38,B 
81,52,B 
93,25,B 
81,90,A 
21,10,C 
54,40,B 
33,47,B 
52,87,B 
41,19,C 
21,65,B 
94,25,B 
60,21,B 
16,82,B 
12,19,C 
47,100,A 
68,83,A 
18,99,B 
58,83,A 
37,71,B 
60,48,B 
79,50,B 
95,17,B 
43,65,B 
29,90,B 
22,98,B 
12,86,B 
96,86,A 
85,84,A 
34,31,C 
53,52,B 
89,71,A 
90,66,A 
60,47,B 
66,23,B 
87,54,A 
36,67,B 
30,18,C 
42,34,C 
39,33,C 
90,54,A 
64,45,B 
28,72,B 
81,70,A 
71,31,B 
51,66,B 
61,99,A 
100,98,A 
93,97,A 
71,36,B 
55,15,C 
34,74,B 
38,79,B 
85,88,A 
29,90,B 
56,53,B 
32,68,B 
59,98,A 
99,35,B 
41,67,B 
42,52,B 
78,66,A 
72,22,B 
51,87,B 
85,68,A 
38,60,B 
49,88,B 
16,32,C 
86,70,A 
50,49,B 
95,15,B 
48,95,A 
90,92,A 
100,75,A 
15,37,C 
85,62,A 
25,61,B 
72,53,B 
89,54,A 
41,70,B 
52,61,B 
81,26,B 
44,56,B 
45,87,B 
21,55,C 
21,78,B 
64,52,B 
17,14,C 
39,98,B 
60,33,B 
22,75,B 
94,78,A 
36,71,B 
93,65,A 
20,64,B 
54,19,C 
44,35,C 
93,27,B 
59,89,A 
88,56,A 
96,99,A 
75,15,B 
38,70,B 
80,34,B 
66,80,A 
94,88,A 
97,16,B 
68,59,B 
97,93,A 
46,78,B 
65,15,B 
85,96,A 
20,90,B 
76,92,A 
48,69,B 
11,39,C 
34,43,C 
33,50,B 
34,63,B 
57,19,C 
69,61,B 
76,27,B 
78,88,A 
40,68,B 
11,73,B 
15,59,C 
56,25,B 
69,57,B 
87,27,B 
91,85,A 
49,64,B 
22,34,C 
47,40,B 
76,39,B 
75,66,A 
85,56,A 
38,25,C 
27,48,C 
86,26,B 
58,82,A 
94,82,A 
41,93,B 
65,17,B 
52,74,B 
46,65,B 
75,44,B 
68,71,B 
92,41,B 
63,43,B 
19,43,C 
84,91,A 
32,36,C 
36,61,B 
20,59,C 
70,76,A 
54,56,B 
85,29,B 
19,52,C 
81,82,A 
81,11,B 
78,24,B 
31,74,B 
75,22,B 
43,37,B 
33,65,B 
97,41,B 
12,92,B 
79,92,A 
60,77,B 
92,96,A 
17,52,C 
87,24,B 
55,82,B 
47,53,B 
32,11,C 
35,88,B 
85,31,B 
39,10,C 
88,86,A 
85,54,B 
49,89,B 
89,39,B 
69,43,B 
61,48,B 
56,75,B 
92,34,B 
62,23,B 
86,39,B 
21,60,B 
71,29,B 
81,98,A 
10,37,C 
86,28,B 
15,15,C 
42,89,B 
91,84,A 
17,32,C 
27,41,C 
47,46,B 
53,91,A 
61,72,B 
92,43,B 
32,98,B 
41,27,C 
97,89,A 
45,17,C 
26,85,B 
67,90,A 
32,38,C 
65,11,C 
93,39,B 
48,16,C 
50,47,B 
61,52,B 
99,51,A 
97,64,A 
96,71,A 
62,48,B 
94,63,A 
38,65,B 
10,54,C 
11,62,C 
29,78,B 
42,23,C 
95,13,B 
32,76,B 
55,16,C 
96,47,A 
51,68,B 
26,79,B 
54,68,B 
46,45,B 
96,78,A 
79,12,B 
93,30,B 
72,55,B 
94,17,B 
50,14,C 
52,32,B 
47,29,C 
24,91,B 
37,40,C 
67,27,B 
43,70,B 
63,87,A 
65,60,B 
87,24,B 
84,82,A 
98,21,B 
75,21,B 
25,63,B 
55,87,A 
74,75,A 
88,96,A 
23,16,C 
26,44,C 
20,19,C 
11,89,B 
73,100,A 
70,22,B 
60,95,A 
91,10,B 
100,83,A 
14,98,B 
15,40,C 
25,34,C 
46,90,B 
37,98,B 
64,60,B 
98,19,B 
22,16,C 
19,27,C 
45,79,B 
22,86,B 
68,84,A 
86,68,A 
43,56,B 
68,38,B 
77,47,B 
44,46,B 
18,53,C 
19,10,C 
62,17,C 
74,68,A 
69,77,A 
25,38,C 
46,31,C 
53,38,B 
44,59,B 
30,50,B 
34,68,B 
12,15,C 
100,98,A 
84,80,A 
95,19,B 
79,80,A 
83,47,B 
36,63,B 
89,77,A 
87,72,A 
86,55,A 
38,90,B 
14,12,C 
12,57,C 
64,65,B 
66,67,B 
93,85,A 
61,97,A 
84,24,B 
36,53,B 
23,42,C 
94,29,B 
18,26,C 
19,28,C 
78,12,B 
83,18,B 
23,23,C 
44,36,B 
95,87,A 
100,11,B 
71,67,B 
44,86,B 
84,16,B 
76,95,A 
53,89,A 
30,38,C 
30,59,B 
48,48,B 
79,20,B 
24,66,B 
34,21,C 
28,42,C 
95,55,A 
60,25,B 
88,32,B 
19,19,C 
100,94,A 
50,31,B 
29,66,B 
29,76,B 
51,89,A 
96,91,A 
50,33,B 
86,75,A 
43,29,C 
29,58,B 
49,19,C 
82,82,A 
87,20,B 
15,20,C 
67,46,B 
46,60,B 
47,25,C 
16,100,B 
45,60,B 
54,31,B 
28,11,C 
95,99,A 
17,40,C 
62,97,A 
51,25,C 
76,38,B 
66,46,B 
13,86,B 
24,98,B 
48,16,C 
25,34,C 
20,90,B 
76,45,B 
59,90,A 
16,32,C 
21,96,B 
89,26,B 
100,50,A 
36,31,C 
60,18,C 
48,87,B 
99,36,B 
58,22,B 
47,16,C 
85,22,B 
39,65,B 
49,61,B 
21,19,C 
12,77,B 
22,40,C 
18,73,B 
78,42,B 
45,21,C 
46,21,C 
65,91,A 
90,16,B 
19,15,C 
80,16,B 
40,94,B 
18,28,C 
30,90,B 
100,59,A 
19,97,B 
65,92,A 
54,11,C 
42,24,C 
52,42,B 
14,97,B 
61,80,A 
46,24,C 
66,77,A 
27,10,C 
68,14,B 
52,90,A 
90,37,B 
68,26,B 
51,11,C 
28,45,C 
89,82,A 
96,90,A 
42,21,C 
12,75,B 
66,10,C 
64,12,C 
42,89,B 
46,15,C 
19,18,C 
41,62,B 
91,40,B 
31,28,C 
71,68,B 
22,76,B 
69,19,B 
10,24,C 
89,40,B 
44,10,C 
39,83,B 
40,22,C 
66,40,B 
43,78,B 
30,44,C 
82,33,B 
98,97,A 
69,52,B 
57,35,B 
95,73,A 
14,71,B 
53,17,C 
10,19,C 
79,20,B 
47,77,B 
70,29,B 
43,59,B 
72,83,A 
61,31,B 
47,65,B 
72,50,B 
75,95,A 
59,97,A 
78,93,A 
10,73,B 
26,51,C 
23,78,B 
53,36,B 
46,76,B 
27,51,C 
40,31,C 
67,85,A 
41,59,B 
14,64,C 
65,62,B 
35,10,C 
52,51,B 
53,43,B 
57,84,A 
71,95,A 
74,44,B 
30,57,B 
63,10,C 
76,37,B 
16,23,C 
37,16,C 
79,11,B 
43,43,B 
22,36,C 
88,23,B 
33,100,B 
86,16,B 
59,60,B 
52,82,B 
23,24,C 
47,56,B 
27,67,B 
43,54,B 
58,53,B 
31,95,B 
58,43,B 
65,90,A 
14,40,C 
73,72,A 
47,78,B 
44,90,B 
75,29,B 
49,70,B 
76,45,B 
79,30,B 
44,15,C 
63,79,A 
72,50,B 
16,67,B 
59,59,B 
29,73,B 
97,64,A 
20,19,C 
46,82,B 
59,77,B 
10,43,C 
35,65,B 
49,31,B 
84,91,A 
68,63,B 
11,14,C 
93,45,B 
53,79,B 
58,86,A 
28,64,B 
61,99,A 
78,70,A 
53,66,B 
29,84,B 
54,38,B 
25,51,C 
86,21,B 
37,45,B 
87,30,B 
50,79,B 
22,55,C 
89,85,A 
34,17,C 
58,32,B 
76,44,B 
26,40,C 
41,84,B 
27,36,C 
63,17,B 
80,83,A 
73,10,B 
43,41,B 
13,85,B 
65,19,B 
12,49,C 
34,54,B 
18,74,B 
45,48,B 
74,64,B 
27,26,C 
79,59,B 
51,11,C 
20,30,C 
11,66,C 
20,91,B 
62,36,B 
61,92,A 
91,25,B 
23,88,B 
95,17,B 
98,67,A 
100,67,A 
27,95,B 
33,58,B 
15,66,B 
61,27,B 
97,53,A 
36,48,B 
71,24,B 
64,70,B 
31,45,C 
28,86,B 
66,87,A 
98,92,A 
79,71,A 
26,96,B 
86,18,B 
89,40,B 
91,46,B 
31,19,C 
42,37,C 
77,46,B 
31,78,B 
34,18,C 
41,60,B 
91,14,B 
91,54,A 
90,63,A 
63,42,B 
59,17,C 
84,59,A 
23,40,C 
85,12,B 
39,67,B 
98,62,A 
30,44,C 
18,38,C 
28,18,C 
13,96,B 
21,49,C 
82,29,B 
79,26,B 
64,26,B 
15,74,B 
39,10,C 
28,29,C 
65,19,B 
19,91,B 
17,79,B 
23,15,C 
27,87,B 
46,58,B 
24,73,B 
62,32,B 
27,37,C 
18,83,B 
67,45,B 
30,22,C 
79,89,A 
83,50,B 
45,95,A 
68,40,B 
10,86,B 
73,36,B 
32,62,B 
90,51,A 
44,74,B 
80,55,B 
36,46,B 
65,15,B 
73,82,A 
54,12,C 
19,83,B 
80,33,B 
16,50,C 
29,30,C 
28,48,C 
42,85,B 
43,23,C 
86,53,B 
61,83,A 
28,30,C 
61,32,B 
81,22,B 
63,17,B 
74,88,A 
92,14,B 
46,45,B 
13,99,B 
13,87,B 
26,97,B 
97,96,A 
40,53,B 
58,26,B 
31,32,C 
41,79,B 
86,86,A 
95,39,B 
17,59,C 
38,83,B 
51,38,B 
99,14,B 
43,45,B 
87,29,B 
31,28,C 
25,25,C 
91,50,A 
48,25,C 
81,24,B 
36,48,B 
52,94,A 
32,91,B 
39,84,B 
52,25,C 
26,85,B 
66,87,A 
66,96,A 
17,86,B 
36,27,C 
67,69,B 
97,25,B 
23,75,B 
74,50,B 
55,17,C 
30,92,B 
17,94,B 
100,76,A 
57,90,A 
71,71,A 
72,65,B 
64,20,B 
61,47,B 
25,10,C 
25,88,B 
11,67,C 
78,32,B 
50,71,B 
31,80,B 
91,59,A 
38,100,B 
12,78,B 
85,94,A 
34,82,B 
76,82,A 
57,62,B 
38,85,B 
78,53,B 
87,75,A 
50,40,B 
75,47,B 
88,40,B 
84,80,A 
65,50,B 
46,98,A 
13,99,B 
31,57,B 
34,17,C 
18,40,C 
75,10,B 
46,68,B 
41,10,C 
40,42,B 
96,67,A 
100,98,A 
22,32,C 
85,87,A 
74,95,A 
35,50,B 
87,91,A 
14,31,C 
95,67,A 
75,86,A 
34,87,B 
19,50,C 
15,18,C 
53,61,B 
22,27,C 
48,45,B 
86,56,A 
81,91,A 
87,81,A 
80,27,B 
87,65,A 
40,94,B 
48,41,B 
82,89,A 
53,53,B 
61,57,B 
87,40,B 
48,25,C 
17,78,B 
62,78,A 
49,22,C 
79,96,A 
14,82,B 
32,93,B 
45,16,C 
53,25,C 
61,58,B 
95,15,B 
99,10,B 
97,48,A 
22,18,C 
58,38,B 
42,13,C 
54,75,B 
92,27,B 
82,59,A 
37,11,C 
34,79,B 
54,83,B 
41,13,C 
55,36,B 
19,63,B 
65,86,A 
39,33,C 
21,39,C 
56,76,B 
87,25,B 
50,81,B 
18,65,B 
82,28,B 
18,65,B 
10,91,B 
32,23,C 
26,97,B 
59,25,B 
24,87,B 
14,93,B 
92,42,B 
43,78,B 
77,73,A 
25,24,C 
97,56,A 
47,60,B 
22,41,C 
67,89,A 
76,39,B 
65,23,B 
28,56,B 
58,36,B 
68,50,B 
54,53,B 
45,73,B 
68,72,A 
80,99,A 
86,24,B 
98,10,B 
59,25,B 
60,94,A 
74,98,A 
62,51,B 
56,88,A 
82,67,A 
18,16,C 
67,69,B 
83,12,B 
89,17,B 
74,94,A 
43,91,B 
72,60,B 
38,69,B 
12,24,C 
44,66,B 
28,82,B 
38,12,C 
64,27,B 
87,37,B 
34,26,C 
96,46,A 
44,77,B 
80,54,B 
73,24,B 
69,20,B 
79,79,A 
16,34,C 
76,16,B 
85,18,B 
87,78,A 
100,65,A 
67,97,A 
24,67,B 
84,63,A 
98,29,B 
36,81,B 
61,34,B 
18,21,C 
29,84,B 
45,11,C 
41,11,C 
33,64,B 
96,82,A 
86,76,A 
88,88,A 
57,48,B 
74,84,A 
65,92,A 
42,25,C 
34,93,B 
49,58,B 
44,27,C 
17,90,B 
94,16,B 
86,47,B 
37,85,B 
55,47,B 
34,83,B 
54,11,C 
27,36,C 
58,84,A 
60,17,C 
91,88,A 
77,38,B 
82,40,B 
87,90,A 
63,84,A 
94,45,B 
44,100,A 
75,51,B 
14,91,B 
52,65,B 
76,15,B 
37,93,B 
83,39,B 
58,84,A 
38,100,B 
18,72,B 
51,50,B 
15,17,C 
47,50,B 
86,99,A 
55,44,B 
64,97,A 
73,45,B 
39,32,C 
54,91,A 
49,33,B 
79,54,B 
67,83,A 
24,91,B 
29,12,C 
10,37,C 
89,82,A 
75,32,B 
83,21,B 
15,70,B 
11,99,B 
98,95,A 
64,35,B 
10,32,C 
28,79,B 
44,31,C 
76,17,B 
71,45,B 
70,64,B 
41,87,B 
42,100,A 
74,82,A 
28,69,B 
71,85,A 
100,96,A 
98,69,A 
22,98,B 
17,20,C 
15,59,C 
55,18,C 
76,22,B 
91,36,B 
56,92,A 
43,20,C 
96,14,B 
50,45,B 
73,90,A 
75,99,A 
78,45,B 
70,82,A 
77,78,A 
48,72,B 
19,65,B 
52,70,B 
61,94,A 
39,56,B 
42,50,B 
82,59,A 
19,46,C 
85,69,A 
67,83,A 
70,61,B 
35,52,B 
52,41,B 
76,36,B 
73,76,A 
32,28,C 
98,57,A 
82,51,B 
81,63,A 
97,77,A 
29,64,B 
38,68,B 
33,26,C 
67,99,A 
83,31,B 
41,28,C 
21,49,C 
96,78,A 
43,65,B 
31,46,C 
80,36,B 
31,43,C 
57,77,B 
100,79,A 
16,43,C 
29,36,C 
12,10,C 
10,51,C 
69,11,B 
41,57,B 
27,56,B 
96,23,B 
76,85,A 
26,29,C 
90,83,A 
24,20,C 
52,85,B 
25,25,C 
24,58,B 
11,93,B 
25,56,B 
51,29,B 
91,60,A 
66,47,B 
30,76,B 
65,23,B 
57,30,B 
66,17,B 
97,52,A 
79,61,A 
29,41,C 
39,24,C 
73,42,B 
67,15,B 
50,79,B 
43,70,B 
50,96,A 
69,62,B 
77,26,B 
44,35,C 
100,88,A 
65,81,A 
29,71,B 
66,30,B 
17,29,C 
78,29,B 
77,45,B 
42,11,C 
91,18,B 
35,47,B 
13,79,B 
16,57,C 
70,100,A 
10,37,C 
57,50,B 
24,62,B 
53,70,B 
16,35,C 
87,99,A 
53,65,B 
67,88,A 
95,34,B 
46,60,B 
37,70,B 
28,47,C 
11,31,C 
15,61,C 
80,18,B 
44,37,B 
10,47,C 
13,78,B 
96,44,A 
39,85,B 
66,35,B 
93,14,B 
93,75,A 
23,43,C 
98,68,A 
26,57,B 
71,15,B 
20,13,C 
86,22,B 
50,85,B 
11,82,B 
93,74,A 
41,67,B 
50,74,B 
20,48,C 
10,100,B 
28,71,B 
41,84,B 
33,32,C 
61,46,B 
86,93,A 
38,30,C 
58,76,B 
16,69,B 
14,21,C 
97,88,A 
71,84,A 
66,21,B 
42,92,B 
44,54,B 
96,17,B 
69,71,A 
24,31,C 
99,78,A 
95,93,A 
21,14,C 
33,47,B 
93,54,A 
35,60,B 
83,75,A 
51,45,B 
29,13,C 
11,35,C 
41,24,C 
18,28,C 
74,66,A 
45,30,C 
43,16,C 
37,44,B 
35,46,B 
26,91,B 
25,86,B 
51,26,C 
71,37,B 
17,69,B 
82,24,B 
47,18,C 
65,48,B 
42,85,B 
97,31,B 
66,26,B 
23,10,C 
13,40,C 
24,53,C 
80,51,B 
34,95,B 
35,38,C 
99,51,A 
86,57,A 
41,76,B 
93,90,A 
74,86,A 
62,32,B 
24,34,C 
91,55,A 
11,30,C 
89,38,B 
71,42,B 
62,35,B 
39,81,B 
93,41,B 
19,29,C 
20,45,C 
72,63,B 
80,36,B 
96,10,B 
59,36,B 
10,27,C 
41,24,C 
41,62,B 
63,26,B 
19,92,B 
97,69,A 
54,86,A 
18,31,C 
78,92,A 
51,64,B 
85,47,B 
17,23,C 
16,53,C 
42,71,B 
96,58,A 
11,97,B 
91,42,B 
50,40,B 
49,18,C 
64,83,A 
21,13,C 
37,27,C 
11,39,C 
35,99,B 
30,36,C 
81,35,B 
81,67,A 
99,57,A 
77,74,A 
44,15,C 
24,93,B 
31,22,C 
41,20,C 
39,92,B 
27,99,B 
42,67,B 
33,90,B 
36,75,B 
34,78,B 
80,15,B 
57,65,B 
41,67,B 
24,87,B 
19,49,C 
30,90,B 
99,27,B 
34,18,C 
77,87,A 
40,11,C 
64,49,B 
30,83,B 
18,63,B 
65,68,B 
14,42,C 
59,71,B 
80,22,B 
72,62,B 
16,16,C 
34,23,C 
11,41,C 
25,81,B 
39,62,B 
59,81,A 
23,94,B 
82,55,B 
22,97,B 
90,66,A 
84,64,A 
74,52,B 
84,46,B 
68,27,B 
57,53,B 
77,53,B 
88,63,A 
62,53,B 
49,59,B 
24,28,C 
63,58,B 
58,30,B 
13,67,B 
84,26,B 
99,99,A 
93,31,B 
81,20,B 
74,52,B 
10,64,C 
89,56,A 
95,75,A 
25,82,B 
88,80,A 
14,35,C 
13,38,C 
89,57,A 
97,37,B 
83,21,B 
73,73,A 
35,59,B 
76,59,B 
39,94,B 
27,24,C 
45,15,C 
46,28,C 
82,12,B 
84,72,A 
37,90,B 
78,85,A 
37,51,B 
10,82,B 
75,62,B 
99,75,A 
79,41,B 
36,81,B 
14,52,C 
91,48,B 
37,53,B 
53,71,B 
90,93,A 
60,87,A 
57,66,B 
56,57,B 
53,85,B 
21,80,B 
25,14,C 
28,81,B 
25,96,B 
50,55,B 
43,46,B 
14,37,C 
44,58,B 
48,98,A 
45,10,C 
52,43,B 
40,18,C 
96,80,A 
48,69,B 
80,89,A 
26,41,C 
81,55,B 
92,57,A 
13,47,C 
13,79,B 
87,19,B 
30,83,B 
59,17,C 
59,45,B 
99,100,A 
96,29,B 
48,21,C 
17,53,C 
66,23,B 
19,68,B 
24,85,B 
54,95,A 
17,46,C 
90,71,A 
59,84,A 
24,50,C 
65,61,B 
57,91,A 
95,71,A 
73,93,A 
56,26,B 
72,71,A 
52,81,B 
16,53,C 
24,100,B 
33,91,B 
59,100,A 
86,29,B 
11,58,C 
12,79,B 
80,31,B 
82,82,A 
53,58,B 
74,42,B 
71,53,B 
100,59,A 
95,76,A 
56,27,B 
23,29,C 
14,96,B 
46,52,B 
63,92,A 
93,33,B 
45,57,B 
97,16,B 
24,94,B 
20,81,B 
31,56,B 
75,77,A 
82,76,A 
36,21,C 
13,37,C 
82,64,A 
83,79,A 
70,43,B 
48,13,C 
11,90,B 
59,52,B 
43,78,B 
25,18,C 
38,80,B 
76,100,A 
76,22,B 
76,76,A 
33,49,B 
63,70,B 
35,61,B 
14,54,C 
97,97,A 
55,28,B 
96,26,B 
77,52,B 
65,26,B 
52,51,B 
96,42,B 
78,53,B 
44,21,C 
78,48,B 
10,67,C 
24,88,B 
47,44,B 
31,37,C 
28,24,C 
55,44,B 
50,47,B 
52,45,B 
74,13,B 
96,95,A 
31,29,C 
95,81,A 
84,17,B 
48,100,A 
67,17,B 
27,97,B 
40,78,B 
84,13,B 
62,44,B 
41,86,B 
98,20,B 
55,13,C 
33,34,C 
46,60,B 
72,89,A 
46,45,B 
47,21,C 
48,35,B 
69,21,B 
67,48,B 
24,89,B 
78,55,B 
11,49,C 
51,43,B 
89,39,B 
69,38,B 
12,73,B 
91,54,A 
99,56,A 
34,61,B 
73,18,B 
40,44,B 
60,37,B 
17,25,C 
62,88,A 
89,91,A 
59,80,B 
57,74,B 
11,81,B 
70,75,A 
53,96,A 
98,60,A 
90,57,A 
25,89,B 
36,48,B 
40,18,C 
34,19,C 
49,38,B 
47,96,A 
100,29,B 
57,54,B 
39,36,C 
50,88,B 
48,38,B 
21,80,B 
45,63,B 
64,84,A 
35,43,C 
58,44,B 
59,10,C 
41,33,C 
54,40,B 
66,53,B 
32,87,B 
90,20,B 
40,99,B 
18,42,C 
39,26,C 
53,76,B 
40,46,B 
15,28,C 
47,20,C 
65,74,B 
62,92,A 
55,44,B 
26,57,B 
49,10,C 
12,29,C 
57,57,B 
54,37,B 
70,91,A 
88,49,B 
47,88,B 
75,50,B 
22,30,C 
58,61,B 
22,22,C 
27,74,B 
99,24,B 
34,61,B 
74,51,B 
11,43,C 
41,70,B 
54,19,C 
15,26,C 
99,82,A 
41,68,B 
53,36,B 
15,24,C 
23,67,B 
97,38,B 
77,11,B 
58,62,B 
26,63,B 
81,23,B 
65,13,C 
72,25,B 
41,81,B 
25,78,B 
46,35,B 
52,27,C 
96,86,A 
23,21,C 
63,13,C 
99,81,A 
60,63,B 
27,97,B 
100,87,A 
66,55,B 
82,11,B 
31,88,B 
50,50,B 
35,45,B 
19,81,B 
39,20,C 
50,100,A 
19,97,B 
69,28,B 
42,45,B 
69,66,B 
22,22,C 
93,13,B 
20,67,B 
69,47,B 
76,49,B 
16,81,B 
44,18,C 
23,90,B 
43,68,B 
79,66,A 
85,48,B 
73,85,A 
64,10,C 
30,89,B 
19,13,C 
84,96,A 
87,47,B 
40,17,C 
46,99,A 
64,64,B 
64,34,B 
36,93,B 
75,16,B 
54,89,A 
36,26,C 
73,35,B 
34,66,B 
48,19,C 
80,96,A 
39,81,B 
74,93,A 
59,83,A 
71,75,A 
70,86,A 
29,97,B 
47,23,C 
52,29,B 
53,93,A 
39,49,B 
17,65,B 
27,53,B 
31,87,B 
87,30,B 
22,54,C 
10,33,C 
15,11,C 
77,11,B 
71,57,B 
61,70,B 
92,46,B 
17,86,B 
85,50,B 
89,80,A 
38,87,B 
31,95,B 
49,84,B 
85,71,A 
42,91,B 
58,76,B 
38,35,C 
14,38,C 
19,14,C 
72,79,A 
70,77,A 
13,95,B 
38,93,B 
17,97,B 
19,74,B 
44,63,B 
59,95,A 
83,51,B 
61,100,A 
62,41,B 
87,53,A 
69,45,B 
43,44,B 
88,22,B 
97,45,A 
79,62,A 
60,100,A 
32,100,B 
99,57,A 
31,69,B 
85,93,A 
48,27,C 
14,96,B 
82,25,B 
18,23,C 
34,36,C 
60,17,C 
42,82,B 
65,81,A 
21,23,C 
47,85,B 
81,65,A 
66,66,B 
83,48,B 
49,20,C 
35,66,B 
51,88,B 
58,60,B 
26,90,B 
13,65,C 
83,26,B 
77,78,A 
65,18,B 
23,74,B 
72,20,B 
37,32,C 
96,98,A 
24,23,C 
67,16,B 
51,97,A 
56,60,B 
10,43,C 
33,65,B 
39,81,B 
75,95,A 
80,77,A 
51,15,C 
87,18,B 
62,29,B 
53,84,B 
54,100,A 
87,46,B 
61,96,A 
82,20,B 
36,14,C 
46,42,B 
27,85,B 
18,87,B 
44,63,B 
82,56,B 
35,76,B 
14,68,B 
75,45,B 
77,48,B 
95,65,A 
19,81,B 
72,47,B 
69,79,A 
50,51,B 
70,31,B 
42,65,B 
38,89,B 
45,84,B 
52,67,B 
30,76,B 
84,40,B 
47,20,C 
51,61,B 
64,100,A 
11,71,B 
52,58,B 
42,39,B 
17,15,C 
15,13,C 
83,10,B 
13,46,C 
77,48,B 
98,17,B 
41,25,C 
39,39,C 
88,41,B 
31,12,C 
58,45,B 
61,49,B 
97,53,A 
21,64,B 
91,74,A 
75,23,B 
56,85,A 
59,61,B 
92,21,B 
19,11,C 
34,32,C 
91,37,B 
52,50,B 
65,57,B 
81,65,A 
57,54,B 
87,50,B 
88,10,B 
41,59,B 
11,21,C 
47,84,B 
24,85,B 
100,93,A 
67,78,A 
24,26,C 
97,43,A 
19,68,B 
96,49,A 
15,21,C 
10,98,B 
16,41,C 
23,99,B 
62,90,A 
100,50,A 
66,99,A 
72,24,B 
39,40,C 
92,85,A 
40,79,B 
11,61,C 
45,89,B 
43,18,C 
33,14,C 
29,10,C 
58,18,C 
30,43,C 
94,71,A 
17,97,B 
79,44,B 
76,50,B 
71,13,B 
91,65,A 
41,37,C 
94,54,A 
11,87,B 
59,51,B 
50,76,B 
30,30,C 
55,81,B 
97,13,B 
87,20,B 
90,33,B 
75,63,B 
56,27,B 
22,87,B 
82,86,A 
35,65,B 
18,46,C 
52,42,B 
96,31,B 
81,62,A 
58,78,B 
94,56,A 
78,39,B 
79,53,B 
88,29,B 
100,36,B 
71,28,B 
91,46,B 
53,70,B 
36,21,C 
13,30,C 
59,83,A 
82,25,B 
12,20,C 
17,31,C 
20,44,C 
93,33,B 
39,72,B 
35,54,B 
10,53,C 
82,71,A 
69,12,B 
83,94,A 
18,30,C 
17,19,C 
27,32,C 
12,52,C 
56,51,B 
37,38,C 
83,14,B 
90,18,B 
96,30,B 
97,71,A 
83,36,B 
60,43,B 
56,70,B 
27,66,B 
59,79,B 
63,28,B 
82,83,A 
61,38,B 
30,66,B 
60,45,B 
64,48,B 
88,88,A 
24,38,C 
48,37,B 
12,20,C 
46,52,B 
11,94,B 
20,26,C 
47,84,B 
37,20,C 
18,61,C 
76,94,A 
72,87,A 
42,72,B 
27,99,B 
69,52,B 
27,31,C 
22,12,C 
47,65,B 
28,52,B 
26,61,B 
64,75,B 
43,87,B 
71,87,A 
95,33,B 
83,92,A 
13,26,C 
45,69,B 
16,99,B 
56,67,B 
36,35,C 
57,87,A 
14,31,C 
98,35,B 
51,79,B 
88,86,A 
40,69,B 
28,100,B 
76,41,B 
63,99,A 
62,67,B 
44,30,C 
23,99,B 
75,24,B 
15,70,B 
52,13,C 
75,84,A 
75,83,A 
71,70,A 
49,59,B 
11,24,C 
28,77,B 
52,75,B 
11,83,B 
77,92,A 
25,24,C 
94,87,A 
70,97,A 
27,90,B 
46,14,C 
10,23,C 
55,22,C 
91,39,B 
63,49,B 
96,60,A 
38,94,B 
31,26,C 
45,87,B 
18,70,B 
88,61,A 
31,77,B 
95,66,A 
41,78,B 
34,14,C 
30,70,B 
74,74,A 
48,42,B 
85,66,A 
67,87,A 
87,42,B 
93,96,A 
79,90,A 
68,10,C 
25,57,B 
17,75,B 
67,95,A 
66,33,B 
72,32,B 
77,35,B 
71,69,A 
74,90,A 
95,53,A 
30,65,B 
38,90,B 
17,48,C 
97,44,A 
63,14,C 
94,72,A 
62,26,B 
26,66,B 
33,62,B 
31,15,C 
87,50,B 
57,18,C 
82,47,B 
21,73,B 
88,87,A 
49,31,B 
35,17,C 
36,97,B 
92,36,B 
72,83,A 
78,64,A 
36,15,C 
49,36,B 
29,98,B 
95,63,A 
12,84,B 
97,43,A 
74,36,B 
86,33,B 
80,15,B 
84,19,B 
30,67,B 
12,51,C 
100,78,A 
49,30,C 
94,58,A 
24,78,B 
35,45,B 
100,80,A 
23,95,B 
47,99,A 
68,39,B 
66,80,A 
24,63,B 
29,16,C 
91,46,B 
31,16,C 
75,61,B 
89,13,B 
70,18,B 
94,34,B 
39,76,B 
60,70,B 
39,82,B 
10,85,B 
57,72,B 
99,90,A 
29,41,C 
86,26,B 
70,69,B 
55,59,B 
42,59,B 
47,43,B 
100,67,A 
28,100,B 
85,97,A 
60,22,B 
33,61,B 
52,68,B 
83,30,B 
93,70,A 
22,47,C 
83,53,B 
54,89,A 
28,50,C 
23,89,B 
66,77,A 
81,37,B 
30,21,C 
52,18,C 
58,59,B 
17,66,B 
29,12,C 
31,97,B 
84,75,A 
38,42,B 
83,73,A 
28,87,B 
31,44,C 
80,39,B 
90,73,A 
86,58,A 
13,60,C 
12,78,B 
96,34,B 
41,96,B 
53,19,C 
43,34,C 
17,29,C 
70,93,A 
73,96,A 
25,83,B 
94,50,A 
71,83,A 
27,35,C 
81,15,B 
20,67,B 
60,61,B 
88,60,A 
41,44,B 
29,23,C 
77,97,A 
22,41,C 
13,98,B 
46,47,B 
52,97,A 
65,82,A 
80,46,B 
20,55,C 
27,37,C 
37,71,B 
85,82,A 
43,35,C 
55,46,B 
91,81,A 
44,63,B 
15,27,C 
55,92,A 
98,54,A 
40,77,B 
47,97,A 
38,93,B 
88,21,B 
97,67,A 
76,54,B 
50,67,B 
85,92,A 
44,15,C 
71,40,B 
73,44,B 
30,43,C 
61,17,C 
38,67,B 
64,18,B 
50,38,B 
64,33,B 
31,97,B 
98,29,B 
16,48,C 
66,88,A 
32,93,B 
15,98,B 
63,56,B 
24,34,C 
93,55,A 
95,87,A 
86,67,A 
84,64,A 
59,32,B 
94,29,B 
92,51,A 
74,75,A 
79,54,B 
56,28,B 
78,76,A 
11,11,C 
89,40,B 
39,59,B 
62,99,A 
82,27,B 
52,92,A 
86,69,A 
74,59,B 
24,13,C 
99,84,A 
49,47,B 
55,32,B 
30,100,B 
30,18,C 
50,52,B 
39,84,B 
65,31,B 
74,42,B 
69,70,B 
94,98,A 
11,26,C 
39,28,C 
77,22,B 
20,100,B 
16,21,C 
99,70,A 
35,30,C 
94,58,A 
71,20,B 
44,88,B 
92,88,A 
85,26,B 
11,85,B 
79,28,B 
37,13,C 
96,66,A 
24,82,B 
69,21,B 
21,70,B 
36,70,B 
80,64,A 
47,48,B 
59,38,B 
98,75,A 
29,74,B 
27,28,C 
96,23,B 
99,60,A 
47,58,B 
92,37,B 
41,85,B 
44,90,B 
46,35,B 
79,19,B 
36,75,B 
34,74,B 
42,73,B 
13,42,C 
18,98,B 
37,59,B 
63,64,B 
70,16,B 
93,95,A 
83,40,B 
16,53,C 
27,95,B 
41,69,B 
21,73,B 
49,91,A 
42,35,C 
83,23,B 
29,34,C 
38,40,C 
54,95,A 
49,47,B 
93,85,A 
59,33,B 
95,94,A 
43,66,B 
91,55,A 
19,83,B 
66,70,B 
52,29,B 
46,74,B 
63,52,B 
89,23,B 
78,28,B 
59,98,A 
12,86,B 
42,88,B 
66,60,B 
79,55,B 
34,55,B 
49,46,B 
36,46,B 
40,30,C 
52,66,B 
26,83,B 
35,33,C 
86,59,A 
49,56,B 
31,42,C 
19,50,C 
33,28,C 
44,63,B 
66,91,A 
87,52,B 
24,40,C 
44,37,B 
58,31,B 
94,62,A 
55,52,B 
36,78,B 
59,17,C 
86,74,A 
84,43,B 
35,68,B 
42,58,B 
58,43,B 
92,26,B 
61,38,B 
84,10,B 
73,35,B 
67,61,B 
43,51,B 
89,34,B 
57,22,C 
25,30,C 
55,42,B 
52,10,C 
98,88,A 
44,82,B 
33,33,C 
11,46,C 
61,69,B 
24,72,B 
92,77,A 
35,36,C 
39,40,C 
75,51,B 
30,71,B 
60,49,B 
17,71,B 
41,42,B 
84,32,B 
79,39,B 
28,10,C 
91,54,A 
83,53,B 
99,87,A 
46,37,B 
18,64,B 
56,12,C 
93,90,A 
11,96,B 
93,26,B 
58,54,B 
67,39,B 
33,37,C 
40,89,B 
23,83,B 
11,90,B 
35,25,C 
46,62,B 
21,39,C 
52,55,B 
54,39,B 
68,96,A 
28,76,B 
44,16,C 
43,29,C 
57,70,B 
29,87,B 
65,27,B 
28,84,B 
12,24,C 
43,40,B 
11,59,C 
78,13,B 
45,33,C 
95,71,A 
74,36,B 
65,18,B 
23,84,B 
57,55,B 
90,59,A 
40,34,C 
43,95,B 
63,85,A 
66,69,B 
56,53,B 
88,40,B 
23,89,B 
11,21,C 
99,40,B 
91,58,A 
30,22,C 
78,53,B 
98,40,B 
52,61,B 
66,39,B 
20,59,C 
23,22,C 
65,53,B 
81,82,A 
37,81,B 
16,66,B 
98,57,A 
57,23,B 
66,65,B 
71,55,B 
78,75,A 
63,67,B 
30,15,C 
22,16,C 
21,22,C 
56,74,B 
12,52,C 
52,53,B 
71,80,A 
34,45,C 
63,93,A 
75,95,A 
46,22,C 
64,58,B 
83,21,B 
43,67,B 
11,73,B 
45,44,B 
12,55,C 
38,80,B 
82,100,A 
18,29,C 
82,54,B 
78,20,B 
12,47,C 
33,15,C 
11,48,C 
37,15,C 
94,43,B 
24,66,B 
19,38,C 
39,41,B 
99,22,B 
91,100,A 
82,33,B 
45,86,B 
51,13,C 
86,27,B 
37,94,B 
17,55,C 
53,88,A 
41,59,B 
32,91,B 
75,49,B 
99,24,B 
26,70,B 
74,36,B 
54,76,B 
20,40,C 
80,95,A 
80,84,A 
90,61,A 
56,66,B 
38,83,B 
95,26,B 
53,94,A 
42,68,B 
81,81,A 
77,70,A 
57,60,B 
85,50,B 
93,20,B 
95,34,B 
44,41,B 
67,38,B 
54,27,B 
43,70,B 
81,66,A 
23,83,B 
43,57,B 
99,40,B 
28,85,B 
77,15,B 
10,27,C 
58,91,A 
78,81,A 
88,65,A 
12,83,B 
51,46,B 
21,47,C 
57,87,A 
67,95,A 
20,39,C 
12,55,C 
45,99,A 
64,61,B 
12,74,B 
41,13,C 
36,52,B 
26,74,B 
79,78,A 
97,66,A 
83,76,A 
75,82,A 
22,30,C 
36,59,B 
97,18,B 
29,12,C 
80,42,B 
17,81,B 
86,86,A 
18,25,C 
100,55,A 
58,31,B 
66,61,B 
10,72,B 
18,57,C 
46,71,B 
65,13,C 
82,36,B 
44,34,C 
99,59,A 
74,66,A 
98,35,B 
55,22,C 
32,99,B 
88,70,A 
26,70,B 
56,69,B 
66,97,A 
23,82,B 
72,88,A 
46,14,C 
66,13,C 
47,60,B 
10,100,B 
92,33,B 
68,21,B 
35,73,B 
18,77,B 
17,15,C 
24,88,B 
55,21,C 
63,36,B 
54,68,B 
11,16,C 
68,67,B 
17,12,C 
15,74,B 
61,74,B 
100,74,A 
68,16,B 
80,68,A 
36,96,B 
45,70,B 
37,23,C 
58,68,B 
50,33,B 
30,28,C 
63,58,B 
42,34,C 
31,18,C 
73,44,B 
93,50,A 
55,27,B 
13,79,B 
77,58,B 
16,32,C 
25,21,C 
53,66,B 
10,42,C 
56,42,B 
11,64,C 
31,51,B 
73,54,B 
74,59,B 
47,44,B 
79,28,B 
94,90,A 
92,86,A 
73,39,B 
100,11,B 
93,53,A 
58,74,B 
48,20,C 
99,67,A 
61,88,A 
26,93,B 
59,14,C 
92,88,A 
33,66,B 
27,86,B 
60,31,B 
41,86,B 
40,13,C 
33,61,B 
41,83,B 
60,80,A 
43,48,B 
73,37,B 
53,54,B 
78,25,B 
94,83,A 
79,76,A 
85,97,A 
71,37,B 
93,17,B 
29,79,B 
77,12,B 
19,32,C 
18,10,C 
77,66,A 
68,20,B 
78,59,B 
54,47,B 
79,32,B 
49,95,A 
45,30,C 
99,53,A 
66,52,B 
18,88,B 
75,97,A 
68,49,B 
90,59,A 
13,66,C 
47,79,B 
96,24,B 
38,70,B 
31,11,C 
28,56,B 
10,97,B 
48,91,B 
96,97,A 
87,24,B 
84,59,A 
11,96,B 
83,28,B 
69,14,B 
60,87,A 
89,67,A 
83,81,A 
51,52,B 
50,96,A 
86,44,B 
88,87,A 
62,18,B 
85,88,A 
80,87,A 
79,88,A 
40,96,B 
93,72,A 
87,49,B 
57,33,B 
24,52,C 
17,62,C 
60,43,B 
41,45,B 
12,31,C 
41,41,B 
14,60,C 
68,88,A 
70,91,A 
21,79,B 
89,16,B 
69,69,B 
39,40,C 
78,98,A 
74,36,B 
71,77,A 
20,26,C 
46,23,C 
48,80,B 
37,44,B 
25,54,C 
12,48,C 
55,33,B 
81,33,B 
15,54,C 
90,64,A 
70,22,B 
28,30,C 
94,64,A 
69,53,B 
37,14,C 
14,74,B 
19,92,B 
68,19,B 
53,75,B 
56,23,C 
71,94,A 
74,14,B 
13,41,C 
95,72,A 
87,99,A 
98,18,B 
48,55,B 
98,100,A 
29,70,B 
99,88,A 
36,96,B 
38,100,B 
40,39,C 
26,51,C 
59,98,A 
72,29,B 
16,92,B 
12,58,C 
35,41,C 
36,59,B 
29,44,C 
29,72,B 
43,72,B 
53,18,C 
84,95,A 
58,91,A 
95,82,A 
26,98,B 
33,81,B 
67,27,B 
20,11,C 
96,42,B 
99,72,A 
55,44,B 
97,46,A 
97,51,A 
98,34,B 
28,70,B 
81,61,A 
55,17,C 
51,79,B 
73,94,A 
99,62,A 
33,85,B 
94,100,A 
62,79,A 
66,56,B 
79,90,A 
61,10,C 
21,17,C 
32,20,C 
34,60,B 
24,86,B 
45,32,C 
25,88,B 
86,24,B 
72,79,A 
79,97,A 
32,28,C 
58,90,A 
83,75,A 
99,15,B 
38,82,B 
50,88,B 
71,50,B 
24,63,B 
47,63,B 
31,80,B 
33,64,B 
92,65,A 
66,99,A 
59,18,C 
38,64,B 
91,63,A 
80,15,B 
95,88,A 
38,35,C 
28,84,B 
61,71,B 
77,96,A 
26,13,C 
50,68,B 
23,10,C 
23,57,B 
62,60,B 
36,13,C 
52,57,B 
75,75,A 
88,15,B 
16,81,B 
95,61,A 
61,77,B 
10,29,C 
28,42,C 
29,38,C 
53,20,C 
34,84,B 
89,50,B 
28,67,B 
80,57,B 
54,37,B 
45,27,C 
57,80,B 
31,99,B 
40,14,C 
50,23,C 
24,11,C 
97,35,B 
79,100,A 
31,15,C 
35,72,B 
26,19,C 
54,87,A 
25,91,B 
29,44,C 
26,14,C 
63,39,B 
54,48,B 
96,43,B 
98,86,A 
27,17,C 
44,11,C 
28,35,C 
47,37,B 
42,14,C 
64,43,B 
95,45,A 
86,81,A 
62,48,B 
32,75,B 
63,74,B 
22,23,C 
23,71,B 
98,21,B 
21,92,B 
33,48,B 
88,21,B 
75,17,B 
25,32,C 
87,10,B 
66,50,B 
81,42,B 
19,79,B 
75,72,A 
55,92,A 
59,10,C 
24,36,C 
66,92,A 
48,73,B 
68,57,B 
46,42,B 
38,57,B 
13,60,C 
68,13,B 
73,69,A 
18,80,B 
74,41,B 
41,63,B 
65,98,A 
27,94,B 
85,14,B 
27,82,B 
11,76,B 
34,18,C 
34,66,B 
33,12,C 
33,18,C 
48,60,B 
89,92,A 
59,42,B 
50,49,B 
12,96,B 
49,98,A 
49,53,B 
80,35,B 
40,88,B 
32,76,B 
54,75,B 
40,12,C 
15,48,C 
40,95,B 
69,69,B 
20,44,C 
46,24,C 
29,69,B 
55,10,C 
78,54,B 
75,94,A 
76,77,A 
67,81,A 
70,69,B 
96,56,A 
72,33,B 
39,41,B 
95,99,A 
91,36,B 
35,96,B 
32,75,B 
67,17,B 
21,27,C 
42,17,C 
94,25,B 
88,55,A 
78,70,A 
37,70,B 
60,67,B 
52,85,B 
42,34,C 
82,28,B 
92,51,A 
73,74,A 
93,77,A 
11,80,B 
29,90,B 
73,79,A 
81,32,B 
91,54,A 
55,71,B 
33,83,B 
50,46,B 
29,50,C 
30,41,C 
92,41,B 
50,11,C 
94,34,B 
87,49,B 
100,27,B 
53,65,B 
89,67,A 
44,36,B 
29,26,C 
81,39,B 
95,10,B 
99,60,A 
40,78,B 
92,75,A 
97,17,B 
48,16,C 
36,83,B 
80,74,A 
62,91,A 
33,75,B 
71,66,B 
72,17,B 
97,37,B 
93,31,B 
69,79,A 
22,70,B 
95,74,A 
44,88,B 
50,15,C 
81,99,A 
23,61,B 
79,28,B 
46,83,B 
81,23,B 
94,49,A 
78,90,A 
52,12,C 
87,77,A 
85,64,A 
59,58,B 
63,15,C 
51,40,B 
50,55,B 
75,67,A 
92,69,A 
59,58,B 
93,86,A 
78,51,B 
53,11,C 
91,23,B 
76,78,A 
95,82,A 
82,45,B 
44,58,B 
85,22,B 
10,97,B 
10,19,C 
68,59,B 
18,49,C 
37,23,C 
13,24,C 
10,35,C 
65,19,B 
48,63,B 
54,64,B 
64,42,B 
31,17,C 
45,78,B 
49,54,B 
14,10,C 
87,29,B 
44,99,A 
80,68,A 
40,96,B 
27,29,C 
55,97,A 
93,75,A 
95,14,B 
45,15,C 
98,26,B 
27,92,B 
40,40,B 
23,38,C 
88,84,A 
94,40,B 
95,18,B 
17,36,C 
82,86,A 
91,48,B 
33,83,B 
12,91,B 
80,89,A 
83,18,B 
89,34,B 
64,17,B 
38,34,C 
47,66,B 
66,45,B 
56,44,B 
82,20,B 
96,85,A 
83,78,A 
13,93,B 
100,15,B 
87,83,A 
12,55,C 
54,58,B 
80,20,B 
31,70,B 
65,51,B 
83,32,B 
41,35,C 
100,49,A 
99,30,B 
30,22,C 
